[
  {
    "value": "Swedish",
    "synonyms": [
      "Swedish"
    ]
  },
  {
    "value": "Armenian",
    "synonyms": [
      "Armenian"
    ]
  },
  {
    "value": "Salvadoran",
    "synonyms": [
      "Salvadoran"
    ]
  },
  {
    "value": "Asian",
    "synonyms": [
      "Asian"
    ]
  },
  {
    "value": "Halal",
    "synonyms": [
      "Halal",
      "Hallal"
    ]
  },
  {
    "value": "Taiwanese",
    "synonyms": [
      "Taiwanese"
    ]
  },
  {
    "value": "Himalayan Nepalese",
    "synonyms": [
      "Himalayan Nepalese"
    ]
  },
  {
    "value": "Restaurant",
    "synonyms": [
      "Restaurant"
    ]
  },
  {
    "value": "Lebanese",
    "synonyms": [
      "Lebanese"
    ]
  },
  {
    "value": "Southern",
    "synonyms": [
      "Southern"
    ]
  },
  {
    "value": "Vegan",
    "synonyms": [
      "Vegan"
    ]
  },
  {
    "value": "Vietnam",
    "synonyms": [
      "Vietnam",
      "Vietnamese"
    ]
  },
  {
    "value": "Persian",
    "synonyms": [
      "Persian"
    ]
  },
  {
    "value": "Szechuan",
    "synonyms": [
      "Szechuan"
    ]
  },
  {
    "value": "Caribbean",
    "synonyms": [
      "Caribbean"
    ]
  },
  {
    "value": "Canadian",
    "synonyms": [
      "Canadian"
    ]
  },
  {
    "value": "Brazilian",
    "synonyms": [
      "Brazilian"
    ]
  },
  {
    "value": "Kosher",
    "synonyms": [
      "Kosher",
      "Koshar"
    ]
  },
  {
    "value": "Pakistani",
    "synonyms": [
      "Pakistani"
    ]
  },
  {
    "value": "Arabian",
    "synonyms": [
      "Arabian"
    ]
  },
  {
    "value": "Soul Food",
    "synonyms": [
      "Soul Food"
    ]
  },
  {
    "value": "Scandinavian",
    "synonyms": [
      "Scandinavian"
    ]
  },
  {
    "value": "Tibetan",
    "synonyms": [
      "Tibetan"
    ]
  },
  {
    "value": "Cajun",
    "synonyms": [
      "Cajun"
    ]
  },
  {
    "value": "Egyptian",
    "synonyms": [
      "Egyptian"
    ]
  },
  {
    "value": "Dominican",
    "synonyms": [
      "Dominican"
    ]
  },
  {
    "value": "Czech",
    "synonyms": [
      "Czech"
    ]
  },
  {
    "value": "Japanese",
    "synonyms": [
      "Japanese"
    ]
  },
  {
    "value": "Korean",
    "synonyms": [
      "Korean"
    ]
  },
  {
    "value": "Afghan",
    "synonyms": [
      "Afghan"
    ]
  },
  {
    "value": "Modern European",
    "synonyms": [
      "Modern European",
      "European"
    ]
  },
  {
    "value": "Ethiopian",
    "synonyms": [
      "Ethiopian"
    ]
  },
  {
    "value": "Cambodian",
    "synonyms": [
      "Cambodian"
    ]
  },
  {
    "value": "Turkish",
    "synonyms": [
      "Turkish"
    ]
  },
  {
    "value": "Basque",
    "synonyms": [
      "Basque"
    ]
  },
  {
    "value": "Mexican",
    "synonyms": [
      "Mexican"
    ]
  },
  {
    "value": "American",
    "synonyms": [
      "American"
    ]
  },
  {
    "value": "Scottish",
    "synonyms": [
      "Scottish"
    ]
  },
  {
    "value": "Cajun Creole",
    "synonyms": [
      "Cajun Creole"
    ]
  },
  {
    "value": "Cajun",
    "synonyms": [
      "Cajun"
    ]
  },
  {
    "value": "Greek",
    "synonyms": [
      "Greek"
    ]
  },
  {
    "value": "Spanish",
    "synonyms": [
      "Spanish"
    ]
  },
  {
    "value": "Mideastern",
    "synonyms": [
      "Mideastern"
    ]
  },
  {
    "value": "Irish",
    "synonyms": [
      "Irish"
    ]
  },
  {
    "value": "American New",
    "synonyms": [
      "American New"
    ]
  },
  {
    "value": "Brasseries",
    "synonyms": [
      "Brasseries"
    ]
  },
  {
    "value": "Nepalese",
    "synonyms": [
      "Nepalese"
    ]
  },
  {
    "value": "Polish",
    "synonyms": [
      "Polish"
    ]
  },
  {
    "value": "Colombian",
    "synonyms": [
      "Colombian"
    ]
  },
  {
    "value": "Diners",
    "synonyms": [
      "Diners"
    ]
  },
  {
    "value": "Portuguese",
    "synonyms": [
      "Portuguese"
    ]
  },
  {
    "value": "European",
    "synonyms": [
      "European"
    ]
  },
  {
    "value": "Peruvian",
    "synonyms": [
      "Peruvian"
    ]
  },
  {
    "value": "Malaysian",
    "synonyms": [
      "Malaysian"
    ]
  },
  {
    "value": "Rooftop",
    "synonyms": [
      "Rooftop"
    ]
  },
  {
    "value": "Bulgar",
    "synonyms": [
      "Bulgar"
    ]
  },
  {
    "value": "Iberian",
    "synonyms": [
      "Iberian"
    ]
  },
  {
    "value": "Indonesian",
    "synonyms": [
      "Indonesian"
    ]
  },
  {
    "value": "Mongolian",
    "synonyms": [
      "Mongolian"
    ]
  },
  {
    "value": "Singaporean",
    "synonyms": [
      "Singaporean"
    ]
  },
  {
    "value": "American Traditional",
    "synonyms": [
      "American Traditional"
    ]
  },
  {
    "value": "Indpak",
    "synonyms": [
      "Indpak"
    ]
  },
  {
    "value": "Haitian",
    "synonyms": [
      "Haitian"
    ]
  },
  {
    "value": "Ukrainian",
    "synonyms": [
      "Ukrainian"
    ]
  },
  {
    "value": "Czech Slovakian",
    "synonyms": [
      "Czech Slovakian"
    ]
  },
  {
    "value": "Shanghainese",
    "synonyms": [
      "Shanghainese"
    ]
  },
  {
    "value": "Senegalese",
    "synonyms": [
      "Senegalese"
    ]
  },
  {
    "value": "Argentine",
    "synonyms": [
      "Argentine"
    ]
  },
  {
    "value": "Italian",
    "synonyms": [
      "Italian"
    ]
  },
  {
    "value": "Mediterranean",
    "synonyms": [
      "Mediterranean"
    ]
  },
  {
    "value": "French",
    "synonyms": [
      "French"
    ]
  },
  {
    "value": "Himalayan",
    "synonyms": [
      "Himalayan"
    ]
  },
  {
    "value": "Catalan",
    "synonyms": [
      "Catalan"
    ]
  },
  {
    "value": "Caribbean",
    "synonyms": [
      "Caribbean"
    ]
  },
  {
    "value": "Kosher",
    "synonyms": [
      "Kosher"
    ]
  },
  {
    "value": "Venezuelan",
    "synonyms": [
      "Venezuelan"
    ]
  },
  {
    "value": "Hawaiian",
    "synonyms": [
      "Hawaiian"
    ]
  },
  {
    "value": "Middle Eastern",
    "synonyms": [
      "Middle Eastern"
    ]
  },
  {
    "value": "Asian Fusion",
    "synonyms": [
      "Asian Fusion"
    ]
  },
  {
    "value": "Creole",
    "synonyms": [
      "Creole"
    ]
  },
  {
    "value": "Indian",
    "synonyms": [
      "Indian"
    ]
  },
  {
    "value": "Georgian",
    "synonyms": [
      "Georgian"
    ]
  },
  {
    "value": "Gluten Free",
    "synonyms": [
      "Gluten Free",
      "Gluten-Free"
    ]
  },
  {
    "value": "Puertorican",
    "synonyms": [
      "Puertorican"
    ]
  },
  {
    "value": "German",
    "synonyms": [
      "German"
    ]
  },
  {
    "value": "Burmese",
    "synonyms": [
      "Burmese"
    ]
  },
  {
    "value": "Vegetarian",
    "synonyms": [
      "Vegetarian",
      "Veg"
    ]
  },
  {
    "value": "Russian",
    "synonyms": [
      "Russian"
    ]
  },
  {
    "value": "Slovakian",
    "synonyms": [
      "Slovakian"
    ]
  },
  {
    "value": "Chinese",
    "synonyms": [
      "Chinese"
    ]
  },
  {
    "value": "Latin",
    "synonyms": [
      "Latin"
    ]
  },
  {
    "value": "Delis",
    "synonyms": [
      "Delis",
      "Dehlis"
    ]
  },
  {
    "value": "Bangladeshi",
    "synonyms": [
      "Bangladeshi"
    ]
  },
  {
    "value": "African",
    "synonyms": [
      "African"
    ]
  },
  {
    "value": "Ethnic",
    "synonyms": [
      "Ethnic"
    ]
  },
  {
    "value": "Laotian",
    "synonyms": [
      "Laotian"
    ]
  },
  {
    "value": "British",
    "synonyms": [
      "British"
    ]
  },
  {
    "value": "Cuban",
    "synonyms": [
      "Cuban"
    ]
  },
  {
    "value": "Middle Eastern",
    "synonyms": [
      "Middle Eastern",
      "Eastern"
    ]
  },
  {
    "value": "Moroccan",
    "synonyms": [
      "Moroccan"
    ]
  },
  {
    "value": "Cantonese",
    "synonyms": [
      "Cantonese"
    ]
  },
  {
    "value": "Cethelsea",
    "synonyms": [
      "Cethelsea"
    ]
  },
  {
    "value": "Trinidadian",
    "synonyms": [
      "Trinidadian"
    ]
  },
  {
    "value": "Latin American",
    "synonyms": [
      "Latin American"
    ]
  },
  {
    "value": "Hungarian",
    "synonyms": [
      "Hungarian"
    ]
  },
  {
    "value": "Modern European",
    "synonyms": [
      "Modern European"
    ]
  },
  {
    "value": "Persian Iranian",
    "synonyms": [
      "Persian Iranian"
    ]
  },
  {
    "value": "Dairy",
    "synonyms": [
      "Dairy"
    ]
  },
  {
    "value": "Australian",
    "synonyms": [
      "Australian"
    ]
  },
  {
    "value": "South African",
    "synonyms": [
      "South African"
    ]
  },
  {
    "value": "Kosher",
    "synonyms": [
      "Kosher"
    ]
  },
  {
    "value": "Jamaican",
    "synonyms": [
      "Jamaican"
    ]
  },
  {
    "value": "Belgian",
    "synonyms": [
      "Belgian"
    ]
  },
  {
    "value": "Arabic",
    "synonyms": [
      "Arabic"
    ]
  },
  {
    "value": "Austrian",
    "synonyms": [
      "Austrian"
    ]
  },
  {
    "value": "Filipino",
    "synonyms": [
      "Filipino"
    ]
  },
  {
    "value": "Iranian",
    "synonyms": [
      "Iranian"
    ]
  },
  {
    "value": "Thai",
    "synonyms": [
      "Thai"
    ]
  },
  {
    "value": "Puerto Rican",
    "synonyms": [
      "Puerto Rican"
    ]
  }
]