[
  {
    "value": "bagel",
    "synonyms": [
      "bagel",
      "bagels"
    ]
  },
  {
    "value": "donburi",
    "synonyms": [
      "donburi"
    ]
  },
  {
    "value": "russian salad",
    "synonyms": [
      "russian salad"
    ]
  },
  {
    "value": "melonpan",
    "synonyms": [
      "melonpan",
      "melon bread"
    ]
  },
  {
    "value": "sbiten",
    "synonyms": [
      "sbiten"
    ]
  },
  {
    "value": "cake",
    "synonyms": [
      "cake",
      "cakes"
    ]
  },
  {
    "value": "mille-feuille",
    "synonyms": [
      "mille-feuille"
    ]
  },
  {
    "value": "borshch",
    "synonyms": [
      "borshch",
      "borscht",
      "beet soup"
    ]
  },
  {
    "value": "mini wheats",
    "synonyms": [
      "mini wheats"
    ]
  },
  {
    "value": "steak tartare",
    "synonyms": [
      "steak tartare"
    ]
  },
  {
    "value": "the hot dog",
    "synonyms": [
      "the hot dog"
    ]
  },
  {
    "value": "schnitzel",
    "synonyms": [
      "schnitzel"
    ]
  },
  {
    "value": "escudella",
    "synonyms": [
      "escudella"
    ]
  },
  {
    "value": "sangria",
    "synonyms": [
      "sangria"
    ]
  },
  {
    "value": "solyanka",
    "synonyms": [
      "solyanka"
    ]
  },
  {
    "value": "stollen",
    "synonyms": [
      "stollen"
    ]
  },
  {
    "value": "green curry",
    "synonyms": [
      "green curry"
    ]
  },
  {
    "value": "mortadella",
    "synonyms": [
      "mortadella"
    ]
  },
  {
    "value": "sweet and sour pork",
    "synonyms": [
      "sweet and sour pork"
    ]
  },
  {
    "value": "chow fun",
    "synonyms": [
      "chow fun"
    ]
  },
  {
    "value": "barfi",
    "synonyms": [
      "barfi",
      "burfi",
      "burfee",
      "borfee"
    ]
  },
  {
    "value": "spanish tortilla",
    "synonyms": [
      "spanish tortilla"
    ]
  },
  {
    "value": "whopper",
    "synonyms": [
      "whopper"
    ]
  },
  {
    "value": "taquito",
    "synonyms": [
      "taquito"
    ]
  },
  {
    "value": "hawaiian pizza",
    "synonyms": [
      "hawaiian pizza"
    ]
  },
  {
    "value": "sashimi",
    "synonyms": [
      "sashimi"
    ]
  },
  {
    "value": "salad",
    "synonyms": [
      "salad"
    ]
  },
  {
    "value": "caparrones",
    "synonyms": [
      "caparrones"
    ]
  },
  {
    "value": "tapas",
    "synonyms": [
      "tapas"
    ]
  },
  {
    "value": "hot pot",
    "synonyms": [
      "hot pot"
    ]
  },
  {
    "value": "quiche lorraine",
    "synonyms": [
      "quiche lorraine"
    ]
  },
  {
    "value": "tartlet",
    "synonyms": [
      "tartlet"
    ]
  },
  {
    "value": "terrine",
    "synonyms": [
      "terrine"
    ]
  },
  {
    "value": "okroshka",
    "synonyms": [
      "okroshka"
    ]
  },
  {
    "value": "carnitas burrito",
    "synonyms": [
      "carnitas currito"
    ]
  },
  {
    "value": "eintopf",
    "synonyms": [
      "eintopf"
    ]
  },
  {
    "value": "rice and red beans",
    "synonyms": [
      "rice and red beans",
      "rice red beans",
      "rice n red beans"
    ]
  },
  {
    "value": "large pepperoni pizza with thin crust, sausage and onions",
    "synonyms": [
      "large pepperoni pizza with thin crust, sausage and onions"
    ]
  },
  {
    "value": "corn chowder",
    "synonyms": [
      "corn chowder"
    ]
  },
  {
    "value": "fondue",
    "synonyms": [
      "fondue"
    ]
  },
  {
    "value": "samosa",
    "synonyms": [
      "samosa"
    ]
  },
  {
    "value": "hot and sour soup",
    "synonyms": [
      "hot and sour soup"
    ]
  },
  {
    "value": "pie",
    "synonyms": [
      "pie",
      "pies"
    ]
  },
  {
    "value": "barbecue",
    "synonyms": [
      "barbecue",
      "barbeque"
    ]
  },
  {
    "value": "rice and chicken",
    "synonyms": [
      "rice and chicken"
    ]
  },
  {
    "value": "klopse",
    "synonyms": [
      "klopse"
    ]
  },
  {
    "value": "poached eggs",
    "synonyms": [
      "poached eggs"
    ]
  },
  {
    "value": "chilli paneer",
    "synonyms": [
      "chilli paneer"
    ]
  },
  {
    "value": "apfelstrudel",
    "synonyms": [
      "apfelstrudel"
    ]
  },
  {
    "value": "blueberry muffins",
    "synonyms": [
      "blueberry muffins"
    ]
  },
  {
    "value": "hot dogs",
    "synonyms": [
      "hot dogs"
    ]
  },
  {
    "value": "tarte tatin",
    "synonyms": [
      "tarte tatin"
    ]
  },
  {
    "value": "chicken tikka masala",
    "synonyms": [
      "chicken tikka masala"
    ]
  },
  {
    "value": "burger",
    "synonyms": [
      "burger",
      "cheeseburger",
      "hamburger",
      "burgers"
    ]
  },
  {
    "value": "kasespatzle",
    "synonyms": [
      "kasespatzle"
    ]
  },
  {
    "value": "burrito",
    "synonyms": [
      "burrito",
      "burritos"
    ]
  },
  {
    "value": "cheesecake",
    "synonyms": [
      "cheesecake"
    ]
  },
  {
    "value": "hot pots",
    "synonyms": [
      "hot pots"
    ]
  },
  {
    "value": "sukiyaki",
    "synonyms": [
      "sukiyaki"
    ]
  },
  {
    "value": "dumplings",
    "synonyms": [
      "dumplings"
    ]
  },
  {
    "value": "tonkatsu",
    "synonyms": [
      "tonkatsu"
    ]
  },
  {
    "value": "fried eggs",
    "synonyms": [
      "fried eggs"
    ]
  },
  {
    "value": "potage",
    "synonyms": [
      "potage"
    ]
  },
  {
    "value": "pancake",
    "synonyms": [
      "pancake"
    ]
  },
  {
    "value": "vinegret",
    "synonyms": [
      "vinegret"
    ]
  },
  {
    "value": "madeleines",
    "synonyms": [
      "madeleines"
    ]
  },
  {
    "value": "strudel",
    "synonyms": [
      "strudel"
    ]
  },
  {
    "value": "paella",
    "synonyms": [
      "paella"
    ]
  },
  {
    "value": "salami pizza",
    "synonyms": [
      "salami pizza"
    ]
  },
  {
    "value": "religieuse",
    "synonyms": [
      "religieuse"
    ]
  },
  {
    "value": "okonomiyaki",
    "synonyms": [
      "okonomiyaki"
    ]
  },
  {
    "value": "lentil soup",
    "synonyms": [
      "lentil soup"
    ]
  },
  {
    "value": "lentil soup",
    "synonyms": [
      "lentil soup"
    ]
  },
  {
    "value": "century eggs",
    "synonyms": [
      "century eggs",
      "millenium eggs"
    ]
  },
  {
    "value": "flan",
    "synonyms": [
      "flan",
      "creme caramel",
      "caramel custard"
    ]
  },
  {
    "value": "nacho",
    "synonyms": [
      "nacho",
      "nachos"
    ]
  },
  {
    "value": "kissel",
    "synonyms": [
      "kissel"
    ]
  },
  {
    "value": "hotdog",
    "synonyms": [
      "hotdog"
    ]
  },
  {
    "value": "chicken steak",
    "synonyms": [
      "chicken steak"
    ]
  },
  {
    "value": "spumoni",
    "synonyms": [
      "spumoni"
    ]
  },
  {
    "value": "sushi",
    "synonyms": [
      "sushi"
    ]
  },
  {
    "value": "tempura",
    "synonyms": [
      "tempura"
    ]
  },
  {
    "value": "spaghetti",
    "synonyms": [
      "spaghetti"
    ]
  },
  {
    "value": "syrniki",
    "synonyms": [
      "syrniki"
    ]
  },
  {
    "value": "goulash",
    "synonyms": [
      "goulash"
    ]
  },
  {
    "value": "spicy tofu",
    "synonyms": [
      "spicy tofu",
      "mapo dofu",
      "mapo tofu"
    ]
  },
  {
    "value": "morning bun",
    "synonyms": [
      "morning bun"
    ]
  },
  {
    "value": "noodle soup",
    "synonyms": [
      "noodle soup"
    ]
  },
  {
    "value": "weisswurst",
    "synonyms": [
      "weisswurst",
      "white sausage"
    ]
  },
  {
    "value": "chocolate",
    "synonyms": [
      "chocolate",
      "chocolates"
    ]
  },
  {
    "value": "sauerbraten",
    "synonyms": [
      "sauerbraten"
    ]
  },
  {
    "value": "ice cream",
    "synonyms": [
      "ice cream"
    ]
  },
  {
    "value": "chorizo",
    "synonyms": [
      "chorizo"
    ]
  },
  {
    "value": "kvass",
    "synonyms": [
      "kvass"
    ]
  },
  {
    "value": "soba",
    "synonyms": [
      "soba"
    ]
  },
  {
    "value": "rassolnik",
    "synonyms": [
      "rassolnik"
    ]
  },
  {
    "value": "business lunch",
    "synonyms": [
      "business lunch"
    ]
  },
  {
    "value": "wurst",
    "synonyms": [
      "wurst"
    ]
  },
  {
    "value": "chow mein",
    "synonyms": [
      "chow mein"
    ]
  },
  {
    "value": "taco",
    "synonyms": [
      "taco",
      "tacos"
    ]
  },
  {
    "value": "bull testicle",
    "synonyms": [
      "bull testicle",
      "bull testicles"
    ]
  },
  {
    "value": "cheescake",
    "synonyms": [
      "cheescake"
    ]
  },
  {
    "value": "peanut cupcake",
    "synonyms": [
      "peanut cupcake"
    ]
  },
  {
    "value": "oatmeal",
    "synonyms": [
      "oatmeal"
    ]
  },
  {
    "value": "tortas",
    "synonyms": [
      "tortas"
    ]
  },
  {
    "value": "curry bread",
    "synonyms": [
      "curry bread"
    ]
  },
  {
    "value": "risotto",
    "synonyms": [
      "risotto"
    ]
  },
  {
    "value": "beef bourguignon",
    "synonyms": [
      "beef bourguignon",
      "beef burgundy"
    ]
  },
  {
    "value": "falafel",
    "synonyms": [
      "falafel"
    ]
  },
  {
    "value": "cemita",
    "synonyms": [
      "cemita",
      "cemitas"
    ]
  },
  {
    "value": "yakisoba",
    "synonyms": [
      "yakisoba"
    ]
  },
  {
    "value": "olivier salad",
    "synonyms": [
      "olivier salad",
      "salad olivier"
    ]
  },
  {
    "value": "chicken curry",
    "synonyms": [
      "chicken curry"
    ]
  },
  {
    "value": "tart",
    "synonyms": [
      "tart"
    ]
  },
  {
    "value": "sea cucumbers",
    "synonyms": [
      "sea cucumbers"
    ]
  },
  {
    "value": "victoria sponge cake",
    "synonyms": [
      "victoria sponge cake"
    ]
  },
  {
    "value": "dim sum",
    "synonyms": [
      "dim sum"
    ]
  },
  {
    "value": "pincho",
    "synonyms": [
      "pincho"
    ]
  },
  {
    "value": "gratin dauphinois",
    "synonyms": [
      "gratin dauphinois"
    ]
  },
  {
    "value": "dressed herring",
    "synonyms": [
      "dressed herring"
    ]
  },
  {
    "value": "oyakodon",
    "synonyms": [
      "oyakodon"
    ]
  },
  {
    "value": "udon",
    "synonyms": [
      "udon"
    ]
  },
  {
    "value": "korokke",
    "synonyms": [
      "korokke"
    ]
  },
  {
    "value": "chicken wings",
    "synonyms": [
      "chicken wings"
    ]
  },
  {
    "value": "pizza",
    "synonyms": [
      "pizza",
      "pizzas"
    ]
  },
  {
    "value": "guacamole",
    "synonyms": [
      "guacamole"
    ]
  },
  {
    "value": "soup",
    "synonyms": [
      "soup"
    ]
  },
  {
    "value": "donut",
    "synonyms": [
      "donut",
      "donuts"
    ]
  },
  {
    "value": "fish chips",
    "synonyms": [
      "fish chips",
      "fish n chips",
      "fish and chips"
    ]
  },
  {
    "value": "onion soup",
    "synonyms": [
      "onion soup"
    ]
  },
  {
    "value": "cheese souffle",
    "synonyms": [
      "cheese souffle"
    ]
  },
  {
    "value": "wok",
    "synonyms": [
      "wok"
    ]
  },
  {
    "value": "baguette",
    "synonyms": [
      "baguette"
    ]
  },
  {
    "value": "mozzarella",
    "synonyms": [
      "mozzarella"
    ]
  },
  {
    "value": "pisto",
    "synonyms": [
      "pisto"
    ]
  },
  {
    "value": "spotted dick",
    "synonyms": [
      "spotted dick"
    ]
  },
  {
    "value": "salsa",
    "synonyms": [
      "salsa",
      "salsa sauce"
    ]
  },
  {
    "value": "wonton noodle soup",
    "synonyms": [
      "wonton noodle soup"
    ]
  },
  {
    "value": "vatrushka",
    "synonyms": [
      "vatrushka"
    ]
  },
  {
    "value": "takoyaki",
    "synonyms": [
      "takoyaki"
    ]
  },
  {
    "value": "funnel cakes",
    "synonyms": [
      "funnel cakes"
    ]
  },
  {
    "value": "tushonka",
    "synonyms": [
      "tushonka"
    ]
  },
  {
    "value": "seafood",
    "synonyms": [
      "seafood"
    ]
  },
  {
    "value": "rice and beans",
    "synonyms": [
      "rice and beans",
      "rice beans",
      "rice n beans"
    ]
  },
  {
    "value": "omurice",
    "synonyms": [
      "omurice"
    ]
  },
  {
    "value": "omelette",
    "synonyms": [
      "omelette"
    ]
  },
  {
    "value": "ratatouille",
    "synonyms": [
      "ratatouille"
    ]
  },
  {
    "value": "ice cream frozen yogurt",
    "synonyms": [
      "ice cream frozen yogurt",
      "ice cream and frozen yogurt",
      "ice cream n frozen yogurt"
    ]
  },
  {
    "value": "cupcake",
    "synonyms": [
      "cupcake"
    ]
  },
  {
    "value": "crepe",
    "synonyms": [
      "crepe"
    ]
  },
  {
    "value": "yogurt",
    "synonyms": [
      "yogurt"
    ]
  },
  {
    "value": "hamburgers",
    "synonyms": [
      "hamburgers"
    ]
  },
  {
    "value": "tandoori chicken",
    "synonyms": [
      "tandoori chicken"
    ]
  },
  {
    "value": "pirozhki",
    "synonyms": [
      "pirozhki",
      "piroshki"
    ]
  },
  {
    "value": "beef stroganov",
    "synonyms": [
      "beef stroganov"
    ]
  },
  {
    "value": "cream soup",
    "synonyms": [
      "cream soup"
    ]
  },
  {
    "value": "bigmac",
    "synonyms": [
      "bigmac"
    ]
  },
  {
    "value": "carnitas",
    "synonyms": [
      "carnitas"
    ]
  },
  {
    "value": "chana masala",
    "synonyms": [
      "chana masala"
    ]
  },
  {
    "value": "baati",
    "synonyms": [
      "baati"
    ]
  },
  {
    "value": "katsudon",
    "synonyms": [
      "katsudon"
    ]
  },
  {
    "value": "pasta",
    "synonyms": [
      "pasta"
    ]
  },
  {
    "value": "chips",
    "synonyms": [
      "chips"
    ]
  },
  {
    "value": "kofta",
    "synonyms": [
      "kofta"
    ]
  },
  {
    "value": "gazpacho",
    "synonyms": [
      "gazpacho",
      "gaspacho"
    ]
  },
  {
    "value": "schwarzwalder kirschtorte",
    "synonyms": [
      "schwarzwalder kirschtorte",
      "black forest cherry cake",
      "black forest cake"
    ]
  },
  {
    "value": "tortilla espaniola",
    "synonyms": [
      "tortilla espaniola"
    ]
  },
  {
    "value": "fromage blanc",
    "synonyms": [
      "fromage blanc"
    ]
  },
  {
    "value": "pepperoni pizza",
    "synonyms": [
      "pepperoni pizza"
    ]
  },
  {
    "value": "knodel",
    "synonyms": [
      "knodel"
    ]
  },
  {
    "value": "pirog",
    "synonyms": [
      "pirog"
    ]
  },
  {
    "value": "tortilla",
    "synonyms": [
      "tortilla",
      "tortillas"
    ]
  },
  {
    "value": "blini",
    "synonyms": [
      "blini",
      "bliny"
    ]
  },
  {
    "value": "sachertorte",
    "synonyms": [
      "sachertorte",
      "sacher torte"
    ]
  },
  {
    "value": "desserts",
    "synonyms": [
      "desserts"
    ]
  },
  {
    "value": "frozen yogurt",
    "synonyms": [
      "frozen yogurt"
    ]
  },
  {
    "value": "sauerkraut",
    "synonyms": [
      "sauerkraut"
    ]
  },
  {
    "value": "rolled taco",
    "synonyms": [
      "rolled taco"
    ]
  },
  {
    "value": "dal",
    "synonyms": [
      "dal"
    ]
  },
  {
    "value": "lasagna",
    "synonyms": [
      "lasagna"
    ]
  },
  {
    "value": "spring rolls",
    "synonyms": [
      "spring rolls",
      "springrolls"
    ]
  },
  {
    "value": "curry",
    "synonyms": [
      "curry"
    ]
  },
  {
    "value": "sandwich",
    "synonyms": [
      "sandwich",
      "sandwiches"
    ]
  },
  {
    "value": "yakitori",
    "synonyms": [
      "yakitori"
    ]
  },
  {
    "value": "peking duck",
    "synonyms": [
      "peking duck"
    ]
  },
  {
    "value": "bread sticks",
    "synonyms": [
      "bread sticks",
      "breadsticks"
    ]
  },
  {
    "value": "enchilada",
    "synonyms": [
      "enchilada"
    ]
  },
  {
    "value": "salchichon",
    "synonyms": [
      "salchichon"
    ]
  },
  {
    "value": "chicken feet",
    "synonyms": [
      "chicken feet"
    ]
  },
  {
    "value": "rice cakes",
    "synonyms": [
      "rice cakes"
    ]
  },
  {
    "value": "gelato",
    "synonyms": [
      "gelato"
    ]
  },
  {
    "value": "flauta",
    "synonyms": [
      "flauta"
    ]
  },
  {
    "value": "teriyaki",
    "synonyms": [
      "teriyaki"
    ]
  },
  {
    "value": "yellow curry",
    "synonyms": [
      "yellow curry"
    ]
  },
  {
    "value": "churro",
    "synonyms": [
      "churro"
    ]
  },
  {
    "value": "ramen",
    "synonyms": [
      "ramen"
    ]
  },
  {
    "value": "empanada",
    "synonyms": [
      "empanada"
    ]
  },
  {
    "value": "noodles",
    "synonyms": [
      "noodles"
    ]
  },
  {
    "value": "quiche",
    "synonyms": [
      "quiche"
    ]
  },
  {
    "value": "shashlik",
    "synonyms": [
      "shashlik",
      "shashlyk"
    ]
  },
  {
    "value": "tiramisu",
    "synonyms": [
      "tiramisu"
    ]
  },
  {
    "value": "red curry",
    "synonyms": [
      "red curry"
    ]
  },
  {
    "value": "shchi",
    "synonyms": [
      "shchi"
    ]
  },
  {
    "value": "creme brulee",
    "synonyms": [
      "creme brulee"
    ]
  },
  {
    "value": "brezel",
    "synonyms": [
      "brezel"
    ]
  },
  {
    "value": "bratwurst",
    "synonyms": [
      "bratwurst"
    ]
  },
  {
    "value": "patatas bravas",
    "synonyms": [
      "patatas bravas"
    ]
  },
  {
    "value": "fajitas",
    "synonyms": [
      "fajitas"
    ]
  },
  {
    "value": "brownie",
    "synonyms": [
      "brownie"
    ]
  },
  {
    "value": "grilled chicken",
    "synonyms": [
      "grilled chicken"
    ]
  },
  {
    "value": "french fries",
    "synonyms": [
      "french fries",
      "fries"
    ]
  },
  {
    "value": "miso",
    "synonyms": [
      "miso",
      "miso soup"
    ]
  },
  {
    "value": "pretzel",
    "synonyms": [
      "pretzel",
      "pretzels"
    ]
  },
  {
    "value": "pelmeni",
    "synonyms": [
      "pelmeni"
    ]
  },
  {
    "value": "kasha",
    "synonyms": [
      "kasha"
    ]
  },
  {
    "value": "kholodets",
    "synonyms": [
      "kholodets"
    ]
  },
  {
    "value": "escargots",
    "synonyms": [
      "escargots"
    ]
  },
  {
    "value": "tamales",
    "synonyms": [
      "tamales"
    ]
  },
  {
    "value": "naan",
    "synonyms": [
      "naan"
    ]
  },
  {
    "value": "chorizo",
    "synonyms": [
      "chorizo"
    ]
  },
  {
    "value": "paneer tikka masala",
    "synonyms": [
      "paneer tikka masala"
    ]
  },
  {
    "value": "chicken",
    "synonyms": [
      "chicken"
    ]
  },
  {
    "value": "apple pie",
    "synonyms": [
      "apple pie"
    ]
  },
  {
    "value": "chocolate mousse",
    "synonyms": [
      "chocolate mousse"
    ]
  },
  {
    "value": "paratha",
    "synonyms": [
      "paratha"
    ]
  },
  {
    "value": "panna cotta",
    "synonyms": [
      "panna cotta"
    ]
  },
  {
    "value": "carne asada",
    "synonyms": [
      "carne asada"
    ]
  },
  {
    "value": "ukha",
    "synonyms": [
      "ukha"
    ]
  },
  {
    "value": "cheese steaks",
    "synonyms": [
      "cheese steaks",
      "cheesesteaks"
    ]
  },
  {
    "value": "turkey leg",
    "synonyms": [
      "turkey leg"
    ]
  },
  {
    "value": "jamon",
    "synonyms": [
      "jamon"
    ]
  },
  {
    "value": "croissant",
    "synonyms": [
      "croissant"
    ]
  },
  {
    "value": "coca",
    "synonyms": [
      "coca"
    ]
  },
  {
    "value": "mooncake",
    "synonyms": [
      "mooncake"
    ]
  },
  {
    "value": "ikra",
    "synonyms": [
      "ikra"
    ]
  }
]