[
  {
    "id": "ae70a880-04ce-4804-bc68-20536360a486",
    "data": [
      {
        "text": "san francisco",
        "alias": "location",
        "meta": "@sys.location",
        "userDefined": false
      }
    ],
    "isTemplate": false,
    "count": 0
  },
  {
    "id": "e4eb2efe-5211-46c3-88a2-cbb020b15c8c",
    "data": [
      {
        "text": "dublin",
        "alias": "location",
        "meta": "@sys.location",
        "userDefined": true
      }
    ],
    "isTemplate": false,
    "count": 0
  },
  {
    "id": "20d3fe24-225f-489b-9e18-9128bdd8c202",
    "data": [
      {
        "text": "it\u0027s ",
        "userDefined": false
      },
      {
        "text": "dublin",
        "alias": "location",
        "meta": "@sys.location",
        "userDefined": true
      }
    ],
    "isTemplate": false,
    "count": 0
  },
  {
    "id": "e8959452-1397-4f12-a3cb-bcab55f4879c",
    "data": [
      {
        "text": "I\u0027m at ",
        "userDefined": false
      },
      {
        "text": "aungier street",
        "alias": "location",
        "meta": "@sys.location",
        "userDefined": true
      }
    ],
    "isTemplate": false,
    "count": 0,
    "updated": 1551873000
  },
  {
    "id": "4205a7bd-f554-4db9-a69f-9a3ee55cf048",
    "data": [
      {
        "text": "kevin\u0027s street",
        "alias": "location",
        "meta": "@sys.location",
        "userDefined": true
      }
    ],
    "isTemplate": false,
    "count": 0,
    "updated": 1551880581
  },
  {
    "id": "61a43450-80a7-4d06-a31c-f3a3179076fb",
    "data": [
      {
        "text": "I\u0027m at ",
        "userDefined": false
      },
      {
        "text": "kevin street",
        "alias": "location",
        "meta": "@sys.location",
        "userDefined": true
      }
    ],
    "isTemplate": false,
    "count": 0,
    "updated": 1551873000
  },
  {
    "id": "4503d0f9-74f8-4f1a-847c-eac1538ca03e",
    "data": [
      {
        "text": "I\u0027m at ",
        "userDefined": false
      },
      {
        "text": "kevin\u0027s street",
        "alias": "location",
        "meta": "@sys.location",
        "userDefined": true
      }
    ],
    "isTemplate": false,
    "count": 0,
    "updated": 1551873000
  },
  {
    "id": "3f86636a-681a-4fb1-a3a6-447e0a0db136",
    "data": [
      {
        "text": "I\u0027m at ",
        "userDefined": false
      },
      {
        "text": "grafton street",
        "alias": "location",
        "meta": "@sys.location",
        "userDefined": true
      }
    ],
    "isTemplate": false,
    "count": 0,
    "updated": 1551873000
  },
  {
    "id": "6bdc7947-eb3c-450d-bc4d-df8f06c91fe1",
    "data": [
      {
        "text": "kevin street",
        "alias": "location",
        "meta": "@sys.location",
        "userDefined": true
      }
    ],
    "isTemplate": false,
    "count": 0,
    "updated": 1551880581
  },
  {
    "id": "dde82603-a0c1-4995-a34c-8e0d37da9c39",
    "data": [
      {
        "text": "I\u0027m at ",
        "userDefined": false
      },
      {
        "text": "temple bar",
        "alias": "location",
        "meta": "@sys.location",
        "userDefined": true
      }
    ],
    "isTemplate": false,
    "count": 0,
    "updated": 1551873000
  }
]