[
  {
    "id": "188f5bea-3eae-4e1e-8f66-f25cd060398f",
    "data": [
      {
        "text": "kimchi",
        "alias": "dish",
        "meta": "@dish",
        "userDefined": true
      }
    ],
    "isTemplate": false,
    "count": 0
  },
  {
    "id": "54157453-8085-4cfe-9bd1-e05416033b9f",
    "data": [
      {
        "text": "Asian",
        "alias": "cuisine",
        "meta": "@cuisine",
        "userDefined": false
      },
      {
        "text": " ",
        "userDefined": false
      },
      {
        "text": "restaurant",
        "alias": "cuisine",
        "meta": "@cuisine",
        "userDefined": false
      }
    ],
    "isTemplate": false,
    "count": 0,
    "updated": 1551872028
  },
  {
    "id": "e9e316f3-6a71-420e-a491-166276a84113",
    "data": [
      {
        "text": "sashimi",
        "alias": "dish",
        "meta": "@dish",
        "userDefined": true
      }
    ],
    "isTemplate": false,
    "count": 0,
    "updated": 1551872028
  },
  {
    "id": "9d5e9561-fd26-4642-baa3-a497ae090b15",
    "data": [
      {
        "text": "hamburger",
        "alias": "dish",
        "meta": "@dish",
        "userDefined": false
      }
    ],
    "isTemplate": false,
    "count": 0,
    "updated": 1551872028
  },
  {
    "id": "16dbf432-dfbf-4782-a5af-18322d038443",
    "data": [
      {
        "text": "pizza",
        "alias": "dish",
        "meta": "@dish",
        "userDefined": false
      }
    ],
    "isTemplate": false,
    "count": 0,
    "updated": 1551872028
  },
  {
    "id": "04796bbe-2a7d-49e7-b47a-a0ac4788a800",
    "data": [
      {
        "text": "burrito",
        "alias": "dish",
        "meta": "@dish",
        "userDefined": false
      }
    ],
    "isTemplate": false,
    "count": 0,
    "updated": 1551872028
  },
  {
    "id": "741079ba-21e8-44e3-9ee2-70a98eb696c6",
    "data": [
      {
        "text": "chicken",
        "alias": "dish",
        "meta": "@dish",
        "userDefined": true
      }
    ],
    "isTemplate": false,
    "count": 0,
    "updated": 1551872028
  },
  {
    "id": "f310f291-c03c-43d1-9323-a753cb8c05a2",
    "data": [
      {
        "text": "japanese",
        "alias": "cuisine",
        "meta": "@cuisine",
        "userDefined": false
      },
      {
        "text": " ",
        "userDefined": false
      },
      {
        "text": "restaurant",
        "alias": "cuisine",
        "meta": "@cuisine",
        "userDefined": false
      }
    ],
    "isTemplate": false,
    "count": 0,
    "updated": 1551872784
  },
  {
    "id": "7920aae5-8663-4524-a0ac-4d72636a160f",
    "data": [
      {
        "text": "steakhouse",
        "alias": "venueType",
        "meta": "@venueType",
        "userDefined": true
      }
    ],
    "isTemplate": false,
    "count": 0
  },
  {
    "id": "690a61a5-4bb9-4175-aa10-cdd8d2dbd469",
    "data": [
      {
        "text": "korean",
        "alias": "cuisine",
        "meta": "@cuisine",
        "userDefined": false
      },
      {
        "text": " ",
        "userDefined": false
      },
      {
        "text": "restaurant",
        "alias": "cuisine",
        "meta": "@cuisine",
        "userDefined": false
      }
    ],
    "isTemplate": false,
    "count": 0,
    "updated": 1551872784
  },
  {
    "id": "2c3e7013-21c0-4697-85cd-6ea0be6041cf",
    "data": [
      {
        "text": "chinese",
        "alias": "cuisine",
        "meta": "@cuisine",
        "userDefined": true
      },
      {
        "text": " ",
        "userDefined": false
      },
      {
        "text": "restaurant",
        "alias": "cuisine",
        "meta": "@cuisine",
        "userDefined": true
      }
    ],
    "isTemplate": false,
    "count": 0,
    "updated": 1551872784
  },
  {
    "id": "309b8c85-1854-4f2b-ac6b-db04ec467ecb",
    "data": [
      {
        "text": "soup",
        "alias": "dish",
        "meta": "@dish",
        "userDefined": false
      }
    ],
    "isTemplate": false,
    "count": 0,
    "updated": 1551872028
  },
  {
    "id": "d2d2a9d2-696c-45b3-9ce8-9b47e413a43a",
    "data": [
      {
        "text": "sushi",
        "alias": "dish",
        "meta": "@dish",
        "userDefined": false
      },
      {
        "text": " ",
        "userDefined": false
      },
      {
        "text": "restaurant",
        "alias": "cuisine",
        "meta": "@cuisine",
        "userDefined": false
      }
    ],
    "isTemplate": false,
    "count": 1,
    "updated": 1551872028
  },
  {
    "id": "558bfaba-2662-4612-af58-775790581ede",
    "data": [
      {
        "text": "fried rice",
        "alias": "dish",
        "meta": "@dish",
        "userDefined": true
      }
    ],
    "isTemplate": false,
    "count": 0,
    "updated": 1551872028
  },
  {
    "id": "bf83c990-72b0-4aa2-8766-61784f7e362e",
    "data": [
      {
        "text": "I\u0027d like to have ",
        "userDefined": false
      },
      {
        "text": "sashimi",
        "alias": "dish",
        "meta": "@dish",
        "userDefined": true
      }
    ],
    "isTemplate": false,
    "count": 0,
    "updated": 1551872028
  },
  {
    "id": "aed327d8-7d73-41c5-b43e-c93e35f5bbc4",
    "data": [
      {
        "text": "sandwich",
        "alias": "dish",
        "meta": "@dish",
        "userDefined": false
      }
    ],
    "isTemplate": false,
    "count": 0,
    "updated": 1551872028
  }
]