[
  {
    "id": "5416ac01-8cf1-4772-a550-33f8e47dcc18",
    "data": [
      {
        "text": "I\u0027m hungry",
        "userDefined": false
      }
    ],
    "isTemplate": false,
    "count": 0,
    "updated": 1551871479
  },
  {
    "id": "f65bfc01-79c7-4ded-a5fd-3f5b696238f6",
    "data": [
      {
        "text": "I\u0027m death to ",
        "userDefined": false
      },
      {
        "text": "hunger",
        "meta": "@sys.ignore",
        "userDefined": false
      }
    ],
    "isTemplate": false,
    "count": 0,
    "updated": 1551871479
  },
  {
    "id": "50cf4f21-23ac-4d34-965e-5ea99e8f4db3",
    "data": [
      {
        "text": "I\u0027m starving",
        "userDefined": false
      }
    ],
    "isTemplate": false,
    "count": 0,
    "updated": 1551871479
  },
  {
    "id": "0a55cd60-107e-4908-b4bc-3fd854355e93",
    "data": [
      {
        "text": "I\u0027m so starving",
        "userDefined": false
      }
    ],
    "isTemplate": false,
    "count": 0,
    "updated": 1551871479
  },
  {
    "id": "88047c78-3763-422c-a28c-e32677a867f5",
    "data": [
      {
        "text": "I\u0027m so hungry",
        "userDefined": false
      }
    ],
    "isTemplate": false,
    "count": 0,
    "updated": 1551871479
  }
]