[
  {
    "id": "a3574b2a-efc4-41e7-94f7-e7777857a59f",
    "data": [
      {
        "text": "that is true",
        "userDefined": false
      }
    ],
    "isTemplate": false,
    "count": 0,
    "updated": 0
  },
  {
    "id": "6819f9a3-7daf-43e7-ab0f-78d2cb5b5b24",
    "data": [
      {
        "text": "it\u0027s",
        "meta": "@sys.ignore",
        "userDefined": false
      },
      {
        "text": " the truth",
        "userDefined": false
      }
    ],
    "isTemplate": false,
    "count": 0,
    "updated": 0
  },
  {
    "id": "9ed7493f-35ba-4c9c-93d7-dc57a28dd105",
    "data": [
      {
        "text": "that is correct",
        "userDefined": false
      }
    ],
    "isTemplate": false,
    "count": 0,
    "updated": 0
  },
  {
    "id": "f8d424b9-e050-4d07-af28-0ea313ae5ef7",
    "data": [
      {
        "text": "that\u0027s correct",
        "userDefined": false
      }
    ],
    "isTemplate": false,
    "count": 0,
    "updated": 0
  },
  {
    "id": "88e3d657-7b30-4b68-aaf3-5a528c9077e0",
    "data": [
      {
        "text": "you ",
        "userDefined": false
      },
      {
        "text": "are",
        "meta": "@sys.ignore",
        "userDefined": false
      },
      {
        "text": " correct",
        "userDefined": false
      }
    ],
    "isTemplate": false,
    "count": 0,
    "updated": 0
  },
  {
    "id": "1638c174-2249-4fce-9574-5ad7f84d570e",
    "data": [
      {
        "text": "that\u0027s true",
        "userDefined": false
      }
    ],
    "isTemplate": false,
    "count": 0,
    "updated": 0
  },
  {
    "id": "9041a023-53e1-4e9f-abdb-28c036271b6a",
    "data": [
      {
        "text": "it\u0027s",
        "meta": "@sys.ignore",
        "userDefined": false
      },
      {
        "text": " right",
        "userDefined": false
      }
    ],
    "isTemplate": false,
    "count": 0,
    "updated": 0
  },
  {
    "id": "42fd208d-90c3-46af-bbe7-6d64d798fdc0",
    "data": [
      {
        "text": "I know that\u0027s right",
        "userDefined": false
      }
    ],
    "isTemplate": false,
    "count": 0,
    "updated": 0
  },
  {
    "id": "bc9d95e4-866f-4276-9e88-4847e286c22c",
    "data": [
      {
        "text": "true",
        "userDefined": false
      }
    ],
    "isTemplate": false,
    "count": 1,
    "updated": 0
  },
  {
    "id": "577b1ca2-510c-4fca-b9a8-74224aea5f70",
    "data": [
      {
        "text": "you ",
        "userDefined": false
      },
      {
        "text": "are",
        "meta": "@sys.ignore",
        "userDefined": false
      },
      {
        "text": " so right",
        "userDefined": false
      }
    ],
    "isTemplate": false,
    "count": 0,
    "updated": 0
  },
  {
    "id": "509a811c-dbad-4368-8a17-9c01926e032e",
    "data": [
      {
        "text": "you\u0027re absolutely right",
        "userDefined": false
      }
    ],
    "isTemplate": false,
    "count": 0,
    "updated": 0
  },
  {
    "id": "fa14bd6e-9d74-4c0d-860b-7ffccf794d9b",
    "data": [
      {
        "text": "it",
        "meta": "@sys.ignore",
        "userDefined": false
      },
      {
        "text": " is true",
        "userDefined": false
      }
    ],
    "isTemplate": false,
    "count": 0,
    "updated": 0
  },
  {
    "id": "f2984351-8dfe-480c-bd56-2dc06c0155ee",
    "data": [
      {
        "text": "you\u0027re telling the truth",
        "userDefined": false
      }
    ],
    "isTemplate": false,
    "count": 0,
    "updated": 0
  },
  {
    "id": "506f8655-ab7b-4b05-a375-4ac7fab9f364",
    "data": [
      {
        "text": "you ",
        "userDefined": false
      },
      {
        "text": "are",
        "meta": "@sys.ignore",
        "userDefined": false
      },
      {
        "text": " right",
        "userDefined": false
      }
    ],
    "isTemplate": false,
    "count": 0,
    "updated": 0
  },
  {
    "id": "1f2df1c9-adb7-4488-9252-4c4b2abe902f",
    "data": [
      {
        "text": "that is very true",
        "userDefined": false
      }
    ],
    "isTemplate": false,
    "count": 0,
    "updated": 0
  },
  {
    "id": "7fbbd8d2-83a2-41e0-bd08-f3877409ed85",
    "data": [
      {
        "text": "that\u0027s so true",
        "userDefined": false
      }
    ],
    "isTemplate": false,
    "count": 0,
    "updated": 0
  },
  {
    "id": "f6e3db53-5772-4cb7-a726-912685da6c69",
    "data": [
      {
        "text": "that is right",
        "userDefined": false
      }
    ],
    "isTemplate": false,
    "count": 0,
    "updated": 0
  },
  {
    "id": "2320c955-5397-4dba-918e-e77e694af8a2",
    "data": [
      {
        "text": "you\u0027re not wrong",
        "userDefined": false
      }
    ],
    "isTemplate": false,
    "count": 0,
    "updated": 0
  },
  {
    "id": "0aa9ea11-dadf-417f-81ff-5baa82adfd14",
    "data": [
      {
        "text": "you\u0027re right about that",
        "userDefined": false
      }
    ],
    "isTemplate": false,
    "count": 0,
    "updated": 0
  },
  {
    "id": "76b0aec9-98e8-466f-82d7-555fcfca272d",
    "data": [
      {
        "text": "it\u0027s true",
        "userDefined": false
      }
    ],
    "isTemplate": false,
    "count": 0,
    "updated": 0
  },
  {
    "id": "7900cb15-c194-4d48-9dcd-7e29786b0670",
    "data": [
      {
        "text": "you\u0027re definitely right",
        "userDefined": false
      }
    ],
    "isTemplate": false,
    "count": 0,
    "updated": 0
  },
  {
    "id": "cccc28df-3787-42b2-bafe-9cef1afc0d90",
    "data": [
      {
        "text": "what you say is true",
        "userDefined": false
      }
    ],
    "isTemplate": false,
    "count": 0,
    "updated": 0
  }
]