[
  {
    "id": "bee3c419-597a-4ec6-870d-3063b147ae6f",
    "data": [
      {
        "text": "bored",
        "userDefined": false
      }
    ],
    "isTemplate": false,
    "count": 0,
    "updated": 1529517314
  },
  {
    "id": "12e0fcb2-215c-4d0e-8861-4117855e0665",
    "data": [
      {
        "text": "boring",
        "meta": "@sys.ignore",
        "userDefined": false
      }
    ],
    "isTemplate": false,
    "count": 0,
    "updated": 1529517314
  },
  {
    "id": "2a119805-b781-4b18-bb84-97723a8bee17",
    "data": [
      {
        "text": "that was ",
        "userDefined": false
      },
      {
        "text": "boring",
        "meta": "@sys.ignore",
        "userDefined": false
      }
    ],
    "isTemplate": false,
    "count": 0,
    "updated": 1529517314
  },
  {
    "id": "19168544-aff3-41d4-b1df-b34b0116f947",
    "data": [
      {
        "text": "very ",
        "userDefined": false
      },
      {
        "text": "boring",
        "meta": "@sys.ignore",
        "userDefined": false
      }
    ],
    "isTemplate": false,
    "count": 0,
    "updated": 1529517314
  },
  {
    "id": "fc6f42d0-029d-4bf7-9f25-a7faad02257f",
    "data": [
      {
        "text": "it bores me",
        "userDefined": false
      }
    ],
    "isTemplate": false,
    "count": 0,
    "updated": 1529517314
  },
  {
    "id": "a4b1b2a2-2ac3-408c-98ef-0efe23e04a2f",
    "data": [
      {
        "text": "I am getting bored",
        "userDefined": false
      }
    ],
    "isTemplate": false,
    "count": 0,
    "updated": 1529517314
  },
  {
    "id": "b37f80e3-c74d-4dbc-8a71-52281995b414",
    "data": [
      {
        "text": "this is ",
        "userDefined": false
      },
      {
        "text": "boring",
        "meta": "@sys.ignore",
        "userDefined": false
      }
    ],
    "isTemplate": false,
    "count": 0,
    "updated": 1529517314
  },
  {
    "id": "3eccb1f0-a93f-4eed-9e2e-bf2915bcadd1",
    "data": [
      {
        "text": "I\u0027m bored",
        "userDefined": false
      }
    ],
    "isTemplate": false,
    "count": 0,
    "updated": 1529517314
  }
]