[
  {
    "id": "78e7f099-b956-4b62-95f4-e74ff99b549e",
    "data": [
      {
        "text": "be smarter",
        "userDefined": false
      }
    ],
    "isTemplate": false,
    "count": 0,
    "updated": 0
  },
  {
    "id": "7d53d25e-6625-46f5-9e81-ffa88009cf99",
    "data": [
      {
        "text": "get",
        "meta": "@sys.ignore",
        "userDefined": true
      },
      {
        "text": " qualified",
        "userDefined": false
      }
    ],
    "isTemplate": false,
    "count": 0,
    "updated": 0
  },
  {
    "id": "5ac757b4-6619-4a0e-9ac6-f5c5a04dfc7f",
    "data": [
      {
        "text": "you should ",
        "userDefined": false
      },
      {
        "text": "study",
        "meta": "@sys.ignore",
        "userDefined": true
      },
      {
        "text": " better",
        "userDefined": false
      }
    ],
    "isTemplate": false,
    "count": 0,
    "updated": 0
  },
  {
    "id": "b7403dfd-69e3-441a-86a2-013e68b94bc5",
    "data": [
      {
        "text": "be more clever",
        "userDefined": false
      }
    ],
    "isTemplate": false,
    "count": 0,
    "updated": 0
  },
  {
    "id": "ad22b70e-3eaf-4988-ae24-cd273b43373e",
    "data": [
      {
        "text": "study",
        "userDefined": false
      }
    ],
    "isTemplate": false,
    "count": 0,
    "updated": 0
  },
  {
    "id": "c8fa74f4-4274-4709-a038-8c387cc8f3fa",
    "data": [
      {
        "text": "be ",
        "userDefined": false
      },
      {
        "text": "smart",
        "meta": "@sys.ignore",
        "userDefined": true
      }
    ],
    "isTemplate": false,
    "count": 0,
    "updated": 0
  },
  {
    "id": "203a0a81-0766-480e-ab2b-a2b1961a975f",
    "data": [
      {
        "text": "can you get smarter",
        "userDefined": false
      }
    ],
    "isTemplate": false,
    "count": 0,
    "updated": 1497455558
  },
  {
    "id": "78ed45d7-2e97-42e0-8845-293dfdb81f31",
    "data": [
      {
        "text": "be clever",
        "userDefined": false
      }
    ],
    "isTemplate": false,
    "count": 0,
    "updated": 0
  },
  {
    "id": "80857f3a-cd17-427b-82f0-104e954c6f75",
    "data": [
      {
        "text": "you ",
        "userDefined": false
      },
      {
        "text": "must",
        "meta": "@sys.ignore",
        "userDefined": true
      },
      {
        "text": " learn",
        "userDefined": false
      }
    ],
    "isTemplate": false,
    "count": 0,
    "updated": 0
  }
]