[
  {
    "id": "374331fc-1bd8-4d1a-ab03-157c5735dc08",
    "data": [
      {
        "text": "I\u0027m waiting",
        "userDefined": false
      }
    ],
    "isTemplate": false,
    "count": 0,
    "updated": 0
  },
  {
    "id": "37eb84f2-ff67-495f-89a9-c79880118eb9",
    "data": [
      {
        "text": "still waiting",
        "userDefined": false
      }
    ],
    "isTemplate": false,
    "count": 0,
    "updated": 0
  },
  {
    "id": "cd35e790-8c96-4870-86dd-28bb5fef6721",
    "data": [
      {
        "text": "I can\u0027t wait anymore",
        "userDefined": false
      }
    ],
    "isTemplate": false,
    "count": 0,
    "updated": 0
  },
  {
    "id": "f83aad53-a507-49be-ab3f-0e91e99adaef",
    "data": [
      {
        "text": "how long do I have to wait",
        "userDefined": false
      }
    ],
    "isTemplate": false,
    "count": 0,
    "updated": 0
  },
  {
    "id": "66cb34ce-5d79-46f9-b80b-47e36aa39348",
    "data": [
      {
        "text": "I\u0027ll wait",
        "userDefined": false
      }
    ],
    "isTemplate": false,
    "count": 0,
    "updated": 0
  }
]