[
  {
    "id": "f7b7ef7c-2d5b-4435-8964-b6e2232ba478",
    "data": [
      {
        "text": "you make me laugh a lot",
        "userDefined": false
      }
    ],
    "isTemplate": false,
    "count": 0,
    "updated": 0
  },
  {
    "id": "8544e714-fc23-44eb-bdf1-7743b5a09b26",
    "data": [
      {
        "text": "you ",
        "userDefined": false
      },
      {
        "text": "are",
        "meta": "@sys.ignore",
        "userDefined": false
      },
      {
        "text": " funny",
        "userDefined": false
      }
    ],
    "isTemplate": false,
    "count": 0,
    "updated": 0
  },
  {
    "id": "0b552f3d-a53b-4770-84f4-0c6b7f4ba2ea",
    "data": [
      {
        "text": "you ",
        "userDefined": false
      },
      {
        "text": "are",
        "meta": "@sys.ignore",
        "userDefined": false
      },
      {
        "text": " so funny",
        "userDefined": false
      }
    ],
    "isTemplate": false,
    "count": 0,
    "updated": 0
  },
  {
    "id": "264bd21e-37ea-40ed-b2cc-290e59148b77",
    "data": [
      {
        "text": "you\u0027re so funny",
        "userDefined": false
      }
    ],
    "isTemplate": false,
    "count": 1,
    "updated": 0
  },
  {
    "id": "2231dd70-1310-44d5-b66a-16960e17a475",
    "data": [
      {
        "text": "how funny you ",
        "userDefined": false
      },
      {
        "text": "are",
        "meta": "@sys.ignore",
        "userDefined": false
      }
    ],
    "isTemplate": false,
    "count": 0,
    "updated": 0
  },
  {
    "id": "3a737ee0-e252-4457-8ed8-d98fe06c48f6",
    "data": [
      {
        "text": "you\u0027re a very funny bot",
        "userDefined": false
      }
    ],
    "isTemplate": false,
    "count": 0,
    "updated": 0
  },
  {
    "id": "610b8397-299d-4a93-9aed-aabeb8b99878",
    "data": [
      {
        "text": "you\u0027re incredibly funny",
        "userDefined": false
      }
    ],
    "isTemplate": false,
    "count": 1,
    "updated": 0
  },
  {
    "id": "08425584-c9d2-47ab-afc2-fb05c6a37ead",
    "data": [
      {
        "text": "you\u0027re really funny",
        "userDefined": false
      }
    ],
    "isTemplate": false,
    "count": 0,
    "updated": 0
  },
  {
    "id": "398490d3-89f8-4014-abb6-9185e4873c12",
    "data": [
      {
        "text": "you ",
        "userDefined": false
      },
      {
        "text": "are",
        "meta": "@sys.ignore",
        "userDefined": false
      },
      {
        "text": " hilarious",
        "userDefined": false
      }
    ],
    "isTemplate": false,
    "count": 0,
    "updated": 0
  },
  {
    "id": "d386fa1e-02a2-4c30-a86d-c07d01aedef5",
    "data": [
      {
        "text": "you ",
        "userDefined": false
      },
      {
        "text": "are",
        "meta": "@sys.ignore",
        "userDefined": false
      },
      {
        "text": " very funny",
        "userDefined": false
      }
    ],
    "isTemplate": false,
    "count": 0,
    "updated": 0
  },
  {
    "id": "5fb7c6af-77c5-4831-a570-fb90ce6bbbdb",
    "data": [
      {
        "text": "that was funny",
        "userDefined": false
      }
    ],
    "isTemplate": false,
    "count": 0,
    "updated": 0
  },
  {
    "id": "b431e710-b823-4e3f-b53b-9aad53047cec",
    "data": [
      {
        "text": "you\u0027",
        "userDefined": false
      },
      {
        "text": "re the funniest bot",
        "meta": "@sys.ignore",
        "userDefined": false
      },
      {
        "text": " I\u0027ve talked to",
        "userDefined": false
      }
    ],
    "isTemplate": false,
    "count": 0,
    "updated": 0
  },
  {
    "id": "aa258371-2954-49f3-a1a2-4c26e150b89b",
    "data": [
      {
        "text": "you make ",
        "userDefined": false
      },
      {
        "text": "me",
        "meta": "@sys.ignore",
        "userDefined": false
      },
      {
        "text": " laugh",
        "userDefined": false
      }
    ],
    "isTemplate": false,
    "count": 0,
    "updated": 0
  },
  {
    "id": "57931fe4-1c1f-41e7-8dde-3e00b6f0a355",
    "data": [
      {
        "text": "you\u0027re the funniest",
        "userDefined": false
      }
    ],
    "isTemplate": false,
    "count": 3,
    "updated": 0
  },
  {
    "id": "b26b9941-e24f-4454-afc1-fb72560058d8",
    "data": [
      {
        "text": "you are really funny",
        "userDefined": false
      }
    ],
    "isTemplate": false,
    "count": 0,
    "updated": 0
  }
]