[
  {
    "id": "0b9ee94f-9084-4a00-914c-8cf1d144e732",
    "data": [
      {
        "text": "I am testing you",
        "userDefined": false
      }
    ],
    "isTemplate": false,
    "count": 0,
    "updated": 0
  },
  {
    "id": "d0744da0-a34e-45b5-a7d6-cc84dba3a8c0",
    "data": [
      {
        "text": "test",
        "meta": "@sys.ignore",
        "userDefined": false
      }
    ],
    "isTemplate": false,
    "count": 0,
    "updated": 0
  },
  {
    "id": "a7c127b6-9d51-410f-a163-b7eba8b094da",
    "data": [
      {
        "text": "just testing you",
        "userDefined": false
      }
    ],
    "isTemplate": false,
    "count": 0,
    "updated": 0
  },
  {
    "id": "7a9d3e2f-ed1e-4861-84b0-909d001e8818",
    "data": [
      {
        "text": "testing",
        "userDefined": false
      }
    ],
    "isTemplate": false,
    "count": 0,
    "updated": 0
  },
  {
    "id": "cfed11ec-3b3e-4a11-87b8-4a15c9c568bf",
    "data": [
      {
        "text": "testing chatbot",
        "userDefined": false
      }
    ],
    "isTemplate": false,
    "count": 0,
    "updated": 0
  },
  {
    "id": "5f8b9701-cccb-4d34-a56c-8fa7a60c43d5",
    "data": [
      {
        "text": "I want to test you",
        "userDefined": false
      }
    ],
    "isTemplate": false,
    "count": 0,
    "updated": 0
  },
  {
    "id": "41ebea42-5ce5-4d56-aec1-5dc800364607",
    "data": [
      {
        "text": "let me test you",
        "userDefined": false
      }
    ],
    "isTemplate": false,
    "count": 0,
    "updated": 0
  },
  {
    "id": "a791fdd5-b983-40ca-83d2-b01d79644872",
    "data": [
      {
        "text": "can I test you",
        "userDefined": false
      }
    ],
    "isTemplate": false,
    "count": 0,
    "updated": 0
  }
]