[
  {
    "id": "03b3c5fd-c967-47f4-b58f-abcb56d9d196",
    "data": [
      {
        "text": "I like you very much",
        "userDefined": false
      }
    ],
    "isTemplate": false,
    "count": 0,
    "updated": 0
  },
  {
    "id": "5bf2c656-5df6-4e7e-8906-4909ca085c60",
    "data": [
      {
        "text": "cuz I like you",
        "userDefined": false
      }
    ],
    "isTemplate": false,
    "count": 0,
    "updated": 0
  },
  {
    "id": "a8be64f7-9121-4203-a8b5-096e8ddb2d1b",
    "data": [
      {
        "text": "really like you",
        "userDefined": false
      }
    ],
    "isTemplate": false,
    "count": 0,
    "updated": 0
  },
  {
    "id": "127835c0-e083-4932-b695-1bd44eaa68c1",
    "data": [
      {
        "text": "good",
        "meta": "@sys.ignore",
        "userDefined": false
      },
      {
        "text": " I like you",
        "userDefined": false
      }
    ],
    "isTemplate": false,
    "count": 0,
    "updated": 0
  },
  {
    "id": "868c7093-6a70-4b8c-a7d3-f13c447b2177",
    "data": [
      {
        "text": "but I like you so much",
        "userDefined": false
      }
    ],
    "isTemplate": false,
    "count": 0,
    "updated": 0
  },
  {
    "id": "475d36b4-d508-46ae-ba1b-c096a463a4fd",
    "data": [
      {
        "text": "I like you already",
        "userDefined": false
      }
    ],
    "isTemplate": false,
    "count": 0,
    "updated": 0
  },
  {
    "id": "eed99f49-45a4-4b38-bd25-0147bb0603e3",
    "data": [
      {
        "text": "I do like you",
        "userDefined": false
      }
    ],
    "isTemplate": false,
    "count": 0,
    "updated": 0
  },
  {
    "id": "91549d86-8030-48e0-a578-a5d4e6e16dc0",
    "data": [
      {
        "text": "I liked you",
        "userDefined": false
      }
    ],
    "isTemplate": false,
    "count": 0,
    "updated": 0
  },
  {
    "id": "558411cc-77f9-4ecf-b93b-3dc9f16a70ee",
    "data": [
      {
        "text": "okay I like you",
        "userDefined": false
      }
    ],
    "isTemplate": false,
    "count": 0,
    "updated": 0
  },
  {
    "id": "975cded8-76f2-49af-8b67-dc0edf1a11ff",
    "data": [
      {
        "text": "that\u0027s why I like you",
        "userDefined": false
      }
    ],
    "isTemplate": false,
    "count": 0,
    "updated": 0
  },
  {
    "id": "b77e696d-5892-45e3-9c47-03f5d4b480cc",
    "data": [
      {
        "text": "you ",
        "userDefined": false
      },
      {
        "text": "are",
        "meta": "@sys.ignore",
        "userDefined": false
      },
      {
        "text": " special",
        "userDefined": false
      }
    ],
    "isTemplate": false,
    "count": 0,
    "updated": 0
  },
  {
    "id": "af0e0a78-b695-40c4-9364-d35429ed454b",
    "data": [
      {
        "text": "yes you ",
        "userDefined": false
      },
      {
        "text": "are",
        "meta": "@sys.ignore",
        "userDefined": false
      },
      {
        "text": " special",
        "userDefined": false
      }
    ],
    "isTemplate": false,
    "count": 0,
    "updated": 0
  },
  {
    "id": "9162da07-0b3f-4f92-ab02-5984c1d25685",
    "data": [
      {
        "text": "you\u0027re so special to me",
        "userDefined": false
      }
    ],
    "isTemplate": false,
    "count": 0,
    "updated": 0
  },
  {
    "id": "207f8cfa-9c61-497c-a2ff-b1e569585faf",
    "data": [
      {
        "text": "you ",
        "userDefined": false
      },
      {
        "text": "are",
        "meta": "@sys.ignore",
        "userDefined": false
      },
      {
        "text": " very special",
        "userDefined": false
      }
    ],
    "isTemplate": false,
    "count": 0,
    "updated": 0
  },
  {
    "id": "4c20b76a-7eca-424d-963c-3034f288f9a7",
    "data": [
      {
        "text": "I like you just the way you are",
        "userDefined": false
      }
    ],
    "isTemplate": false,
    "count": 0,
    "updated": 0
  },
  {
    "id": "d1e18ad5-06ae-441f-8402-a4d15fc79af8",
    "data": [
      {
        "text": "I like you as a ",
        "userDefined": false
      },
      {
        "text": "friend",
        "meta": "@sys.ignore",
        "userDefined": false
      }
    ],
    "isTemplate": false,
    "count": 0,
    "updated": 0
  },
  {
    "id": "5c6ceed9-517d-43e3-8fae-de51cc96ee78",
    "data": [
      {
        "text": "that\u0027s what I like about you",
        "userDefined": false
      }
    ],
    "isTemplate": false,
    "count": 0,
    "updated": 0
  },
  {
    "id": "477febca-3e98-473b-ad79-17753a4f7a5e",
    "data": [
      {
        "text": "just like you",
        "userDefined": false
      }
    ],
    "isTemplate": false,
    "count": 0,
    "updated": 0
  },
  {
    "id": "2aaf2be1-0f7a-4daf-9a8a-192b30ba0405",
    "data": [
      {
        "text": "I also like you",
        "userDefined": false
      }
    ],
    "isTemplate": false,
    "count": 0,
    "updated": 0
  },
  {
    "id": "4c36f2d9-d201-4220-a224-b6f8322ddfa1",
    "data": [
      {
        "text": "I really do like you",
        "userDefined": false
      }
    ],
    "isTemplate": false,
    "count": 0,
    "updated": 0
  },
  {
    "id": "2e093596-d3f5-4e05-936b-0f7aaa2557da",
    "data": [
      {
        "text": "no I like you the way you ",
        "userDefined": false
      },
      {
        "text": "are",
        "meta": "@sys.ignore",
        "userDefined": false
      }
    ],
    "isTemplate": false,
    "count": 0,
    "updated": 0
  },
  {
    "id": "a34b432e-809e-459a-afc9-18170d4930a4",
    "data": [
      {
        "text": "sorry I like you",
        "userDefined": false
      }
    ],
    "isTemplate": false,
    "count": 0,
    "updated": 0
  },
  {
    "id": "8caa9433-9e79-402f-9386-03326a285766",
    "data": [
      {
        "text": "I like your smile",
        "userDefined": false
      }
    ],
    "isTemplate": false,
    "count": 0,
    "updated": 0
  },
  {
    "id": "38ff5b9e-cf43-4d59-8488-2e5f1c939504",
    "data": [
      {
        "text": "I just like you",
        "userDefined": false
      }
    ],
    "isTemplate": false,
    "count": 0,
    "updated": 0
  },
  {
    "id": "771f2775-b662-43a6-9b74-d68514c13431",
    "data": [
      {
        "text": "I like you too much",
        "userDefined": false
      }
    ],
    "isTemplate": false,
    "count": 0,
    "updated": 0
  },
  {
    "id": "6c6355cd-1953-4e26-ae63-76766941448e",
    "data": [
      {
        "text": "like you a lot",
        "userDefined": false
      }
    ],
    "isTemplate": false,
    "count": 0,
    "updated": 0
  },
  {
    "id": "e4f334c1-ec71-4dbf-a2f8-77bb97983080",
    "data": [
      {
        "text": "you ",
        "userDefined": false
      },
      {
        "text": "are",
        "meta": "@sys.ignore",
        "userDefined": false
      },
      {
        "text": " special for me",
        "userDefined": false
      }
    ],
    "isTemplate": false,
    "count": 0,
    "updated": 0
  },
  {
    "id": "2165c5fd-b9e8-4f69-b511-ea8459509636",
    "data": [
      {
        "text": "I like you very",
        "userDefined": false
      }
    ],
    "isTemplate": false,
    "count": 0,
    "updated": 0
  },
  {
    "id": "bbcae99e-5fcc-490c-a38f-001fb0a35c08",
    "data": [
      {
        "text": "yeah I like you",
        "userDefined": false
      }
    ],
    "isTemplate": false,
    "count": 0,
    "updated": 0
  },
  {
    "id": "ccf07453-be49-48bd-81d9-4d90ac883a57",
    "data": [
      {
        "text": "you\u0027re special",
        "userDefined": false
      }
    ],
    "isTemplate": false,
    "count": 0,
    "updated": 0
  },
  {
    "id": "988524da-1484-4b0c-b28a-89d9d9244f03",
    "data": [
      {
        "text": "you\u0027re awesome I like you",
        "userDefined": false
      }
    ],
    "isTemplate": false,
    "count": 0,
    "updated": 0
  },
  {
    "id": "1b4d47b1-2a39-407c-8f3f-071bab2b80a6",
    "data": [
      {
        "text": "I\u0027m",
        "meta": "@sys.ignore",
        "userDefined": false
      },
      {
        "text": " starting to like you",
        "userDefined": false
      }
    ],
    "isTemplate": false,
    "count": 0,
    "updated": 0
  },
  {
    "id": "e80e47e9-afed-43a1-905d-8ed575d8af47",
    "data": [
      {
        "text": "yes I like you",
        "userDefined": false
      }
    ],
    "isTemplate": false,
    "count": 0,
    "updated": 0
  },
  {
    "id": "db459a88-e977-4a89-ac30-50cfc2900022",
    "data": [
      {
        "text": "that\u0027s because you ",
        "userDefined": false
      },
      {
        "text": "are",
        "meta": "@sys.ignore",
        "userDefined": false
      },
      {
        "text": " special",
        "userDefined": false
      }
    ],
    "isTemplate": false,
    "count": 0,
    "updated": 0
  },
  {
    "id": "e9031909-e854-40ee-a80e-c32cdceb7005",
    "data": [
      {
        "text": "I really like you",
        "userDefined": false
      }
    ],
    "isTemplate": false,
    "count": 0,
    "updated": 0
  },
  {
    "id": "480b6d9e-9b78-42c6-aeae-9f0eda5f949f",
    "data": [
      {
        "text": "I like you you\u0027re ",
        "userDefined": false
      },
      {
        "text": "nice",
        "meta": "@sys.ignore",
        "userDefined": false
      }
    ],
    "isTemplate": false,
    "count": 0,
    "updated": 0
  },
  {
    "id": "91f80bff-f954-403f-aaba-45316615b2c8",
    "data": [
      {
        "text": "you\u0027re very special to me",
        "userDefined": false
      }
    ],
    "isTemplate": false,
    "count": 0,
    "updated": 0
  },
  {
    "id": "e7f28b92-3861-4c6c-9329-dcfcb1fc5f09",
    "data": [
      {
        "text": "you ",
        "userDefined": false
      },
      {
        "text": "are",
        "meta": "@sys.ignore",
        "userDefined": false
      },
      {
        "text": " so special",
        "userDefined": false
      }
    ],
    "isTemplate": false,
    "count": 0,
    "updated": 0
  },
  {
    "id": "3543df56-cbd6-436e-80cc-b0aa03cef16f",
    "data": [
      {
        "text": "I kinda like you",
        "userDefined": false
      }
    ],
    "isTemplate": false,
    "count": 0,
    "updated": 0
  },
  {
    "id": "2c693977-03af-4984-9da5-30b569cfac3c",
    "data": [
      {
        "text": "I like you the way you ",
        "userDefined": false
      },
      {
        "text": "are",
        "meta": "@sys.ignore",
        "userDefined": false
      }
    ],
    "isTemplate": false,
    "count": 0,
    "updated": 0
  },
  {
    "id": "e79d80a2-bad1-4df4-81ee-6715612a5e92",
    "data": [
      {
        "text": "I like you ",
        "userDefined": false
      },
      {
        "text": "baby",
        "meta": "@sys.ignore",
        "userDefined": false
      }
    ],
    "isTemplate": false,
    "count": 0,
    "updated": 0
  },
  {
    "id": "c605d2d0-d3e9-400f-881e-844317ede7ca",
    "data": [
      {
        "text": "you\u0027re very special",
        "userDefined": false
      }
    ],
    "isTemplate": false,
    "count": 0,
    "updated": 0
  },
  {
    "id": "e164e15c-060e-406b-a49b-636846adc646",
    "data": [
      {
        "text": "but I really like you",
        "userDefined": false
      }
    ],
    "isTemplate": false,
    "count": 0,
    "updated": 0
  },
  {
    "id": "6531f5d6-4e10-4d98-aa42-4dca1934ed5d",
    "data": [
      {
        "text": "hi I like you",
        "userDefined": false
      }
    ],
    "isTemplate": false,
    "count": 0,
    "updated": 0
  },
  {
    "id": "dbb24b2a-2e8d-422f-802e-67a1488200bd",
    "data": [
      {
        "text": "well",
        "meta": "@sys.ignore",
        "userDefined": false
      },
      {
        "text": " you ",
        "userDefined": false
      },
      {
        "text": "are",
        "meta": "@sys.ignore",
        "userDefined": false
      },
      {
        "text": " special",
        "userDefined": false
      }
    ],
    "isTemplate": false,
    "count": 0,
    "updated": 0
  },
  {
    "id": "f74abe3c-4f3a-4cce-94fe-552428c52a31",
    "data": [
      {
        "text": "thank you",
        "meta": "@sys.ignore",
        "userDefined": false
      },
      {
        "text": " I like you too",
        "userDefined": false
      }
    ],
    "isTemplate": false,
    "count": 0,
    "updated": 0
  },
  {
    "id": "1657dfa8-cfdc-43b9-a2f1-1c6c187df561",
    "data": [
      {
        "text": "of",
        "meta": "@sys.ignore",
        "userDefined": false
      },
      {
        "text": " course I like you",
        "userDefined": false
      }
    ],
    "isTemplate": false,
    "count": 0,
    "updated": 0
  },
  {
    "id": "063577c3-c9f9-499e-8078-7eb0d55defd7",
    "data": [
      {
        "text": "I like you",
        "userDefined": false
      }
    ],
    "isTemplate": false,
    "count": 0,
    "updated": 0
  },
  {
    "id": "56ead4c5-a71d-4112-8273-66151efc585f",
    "data": [
      {
        "text": "you ",
        "userDefined": false
      },
      {
        "text": "are",
        "meta": "@sys.ignore",
        "userDefined": false
      },
      {
        "text": " special to me",
        "userDefined": false
      }
    ],
    "isTemplate": false,
    "count": 0,
    "updated": 0
  },
  {
    "id": "c606c3c9-75d4-496d-a91f-c24fab5c165f",
    "data": [
      {
        "text": "but I like you",
        "userDefined": false
      }
    ],
    "isTemplate": false,
    "count": 0,
    "updated": 0
  },
  {
    "id": "edaf96d5-9e61-44a5-b9ca-bf8f446cf13d",
    "data": [
      {
        "text": "you\u0027re ",
        "userDefined": false
      },
      {
        "text": "funny",
        "meta": "@sys.ignore",
        "userDefined": false
      },
      {
        "text": " I like you",
        "userDefined": false
      }
    ],
    "isTemplate": false,
    "count": 0,
    "updated": 0
  },
  {
    "id": "e5394cc3-8f84-4f37-83de-3bcb3be80c96",
    "data": [
      {
        "text": "I like u",
        "userDefined": false
      }
    ],
    "isTemplate": false,
    "count": 0,
    "updated": 0
  },
  {
    "id": "48093b90-aa03-4290-bb13-54342ec1d3ef",
    "data": [
      {
        "text": "I like you too you\u0027re ",
        "userDefined": false
      },
      {
        "text": "one",
        "meta": "@sys.ignore",
        "userDefined": false
      },
      {
        "text": " ",
        "userDefined": false
      },
      {
        "text": "of",
        "meta": "@sys.ignore",
        "userDefined": false
      },
      {
        "text": " my ",
        "userDefined": false
      },
      {
        "text": "favorite",
        "meta": "@sys.ignore",
        "userDefined": false
      },
      {
        "text": " people to chat with",
        "userDefined": false
      }
    ],
    "isTemplate": false,
    "count": 0,
    "updated": 0
  },
  {
    "id": "ba302f3d-15b7-4e89-8f88-9d611b817a4b",
    "data": [
      {
        "text": "you ",
        "userDefined": false
      },
      {
        "text": "are",
        "meta": "@sys.ignore",
        "userDefined": false
      },
      {
        "text": " very special to me",
        "userDefined": false
      }
    ],
    "isTemplate": false,
    "count": 0,
    "updated": 0
  },
  {
    "id": "c0b55ae2-8587-4ddf-ac8a-e2c9a4d8eeda",
    "data": [
      {
        "text": "you are so sweet",
        "userDefined": false
      }
    ],
    "isTemplate": false,
    "count": 0,
    "updated": 0
  },
  {
    "id": "ddc48c49-dbc1-426d-879d-a3dddb9f7d9d",
    "data": [
      {
        "text": "you ",
        "userDefined": false
      },
      {
        "text": "are",
        "meta": "@sys.ignore",
        "userDefined": false
      },
      {
        "text": " so special to me",
        "userDefined": false
      }
    ],
    "isTemplate": false,
    "count": 0,
    "updated": 0
  },
  {
    "id": "fb647b22-cbc6-48f8-9cc5-6be3b5df3af4",
    "data": [
      {
        "text": "okay I like you too",
        "userDefined": false
      }
    ],
    "isTemplate": false,
    "count": 0,
    "updated": 0
  },
  {
    "id": "c53f27fb-55a9-4325-8200-7fd4d6413701",
    "data": [
      {
        "text": "I like you you\u0027re ",
        "userDefined": false
      },
      {
        "text": "cool",
        "meta": "@sys.ignore",
        "userDefined": false
      }
    ],
    "isTemplate": false,
    "count": 0,
    "updated": 0
  },
  {
    "id": "364c44fc-d1a8-4495-be84-e69896747c44",
    "data": [
      {
        "text": "I like that about you",
        "userDefined": false
      }
    ],
    "isTemplate": false,
    "count": 0,
    "updated": 0
  },
  {
    "id": "07a76a10-2d76-4639-9595-a006b6b0ba50",
    "data": [
      {
        "text": "I said I like you",
        "userDefined": false
      }
    ],
    "isTemplate": false,
    "count": 0,
    "updated": 0
  },
  {
    "id": "b0eef276-e7db-4ced-b439-ad0bce9f5527",
    "data": [
      {
        "text": "I really really like you",
        "userDefined": false
      }
    ],
    "isTemplate": false,
    "count": 0,
    "updated": 0
  },
  {
    "id": "98b4fea6-f6e3-4960-9935-ea98d54ddba4",
    "data": [
      {
        "text": "I think I like you",
        "userDefined": false
      }
    ],
    "isTemplate": false,
    "count": 0,
    "updated": 0
  },
  {
    "id": "7ac0ab0e-6824-4773-b2d9-d2d666a5bc02",
    "data": [
      {
        "text": "I like you more",
        "userDefined": false
      }
    ],
    "isTemplate": false,
    "count": 0,
    "updated": 0
  },
  {
    "id": "29f414ef-5aae-4a32-9eac-b0c303b544b9",
    "data": [
      {
        "text": "I like you as you ",
        "userDefined": false
      },
      {
        "text": "are",
        "meta": "@sys.ignore",
        "userDefined": false
      }
    ],
    "isTemplate": false,
    "count": 0,
    "updated": 0
  },
  {
    "id": "cc646391-9f44-4b86-bb47-3bc80f5bac56",
    "data": [
      {
        "text": "I like you a lot",
        "userDefined": false
      }
    ],
    "isTemplate": false,
    "count": 0,
    "updated": 0
  },
  {
    "id": "722bfca7-7b9b-4041-a803-bd1a500c5cc1",
    "data": [
      {
        "text": "but I like you ",
        "userDefined": false
      },
      {
        "text": "just the way you are",
        "meta": "@sys.ignore",
        "userDefined": false
      }
    ],
    "isTemplate": false,
    "count": 0,
    "updated": 0
  },
  {
    "id": "68333a85-4e1a-4c60-a79e-28f106cf0202",
    "data": [
      {
        "text": "thanks I like you too",
        "userDefined": false
      }
    ],
    "isTemplate": false,
    "count": 0,
    "updated": 0
  },
  {
    "id": "7bb06d02-16be-49e0-957e-9a89f9919497",
    "data": [
      {
        "text": "I like you now",
        "userDefined": false
      }
    ],
    "isTemplate": false,
    "count": 0,
    "updated": 0
  },
  {
    "id": "2251e024-7dfe-47ac-898a-a34ad2494f5f",
    "data": [
      {
        "text": "I really really really really like you",
        "userDefined": false
      }
    ],
    "isTemplate": false,
    "count": 0,
    "updated": 0
  },
  {
    "id": "a048a9b6-ae4b-4a52-a5eb-fe996ddc0451",
    "data": [
      {
        "text": "I like you so much",
        "userDefined": false
      }
    ],
    "isTemplate": false,
    "count": 1,
    "updated": 0
  },
  {
    "id": "a40f1635-c6d0-401f-8e75-bb4d32a5a54c",
    "data": [
      {
        "text": "hey I like you",
        "userDefined": false
      }
    ],
    "isTemplate": false,
    "count": 0,
    "updated": 0
  },
  {
    "id": "0ba34fe4-a090-4463-895e-fed17b4f0b7f",
    "data": [
      {
        "text": "I like you so",
        "userDefined": false
      }
    ],
    "isTemplate": false,
    "count": 0,
    "updated": 0
  },
  {
    "id": "3c4855dc-aa73-4243-bd30-73cd8cb3d220",
    "data": [
      {
        "text": "you know I like you",
        "userDefined": false
      }
    ],
    "isTemplate": false,
    "count": 0,
    "updated": 0
  },
  {
    "id": "bbee9606-13b0-4f54-b96f-b239142da39a",
    "data": [
      {
        "text": "you\u0027re so special",
        "userDefined": false
      }
    ],
    "isTemplate": false,
    "count": 0,
    "updated": 0
  },
  {
    "id": "c28ed06f-d085-4477-b207-36c383ebcfc9",
    "data": [
      {
        "text": "I like you too",
        "userDefined": false
      }
    ],
    "isTemplate": false,
    "count": 0,
    "updated": 0
  },
  {
    "id": "6ae5ed9e-ca74-46a6-b803-690c86e2654c",
    "data": [
      {
        "text": "you ",
        "userDefined": false
      },
      {
        "text": "are",
        "meta": "@sys.ignore",
        "userDefined": false
      },
      {
        "text": " really special",
        "userDefined": false
      }
    ],
    "isTemplate": false,
    "count": 0,
    "updated": 0
  },
  {
    "id": "4eb7f0c2-cdb3-4cba-80f9-c9ed64e69a22",
    "data": [
      {
        "text": "but I like u",
        "userDefined": false
      }
    ],
    "isTemplate": false,
    "count": 0,
    "updated": 0
  }
]