[
  {
    "id": "792bb115-1b2f-42dc-9fd0-28e58de91cf6",
    "data": [
      {
        "text": "do you have a hobby",
        "userDefined": false
      }
    ],
    "isTemplate": false,
    "count": 0,
    "updated": 0
  },
  {
    "id": "b741f1b4-0a63-4510-9dfe-3328e54c54cd",
    "data": [
      {
        "text": "what about your hobby",
        "userDefined": false
      }
    ],
    "isTemplate": false,
    "count": 0,
    "updated": 0
  },
  {
    "id": "4a9283e7-e074-4d43-97e1-6d4893303a4f",
    "data": [
      {
        "text": "what\u0027s your hobby",
        "userDefined": false
      }
    ],
    "isTemplate": false,
    "count": 0,
    "updated": 0
  },
  {
    "id": "f2e6bf79-cc0f-495d-b0eb-5562194d85c6",
    "data": [
      {
        "text": "what do you do for fun",
        "userDefined": false
      }
    ],
    "isTemplate": false,
    "count": 0,
    "updated": 0
  },
  {
    "id": "174fa57a-58ba-4a59-bfc0-c92f19d831c8",
    "data": [
      {
        "text": "your hobby",
        "userDefined": false
      }
    ],
    "isTemplate": false,
    "count": 0,
    "updated": 0
  },
  {
    "id": "cc7dc9cd-d1f0-4bca-a6a5-798492827815",
    "data": [
      {
        "text": "what ",
        "userDefined": false
      },
      {
        "text": "are",
        "meta": "@sys.ignore",
        "userDefined": true
      },
      {
        "text": " your hobbies",
        "userDefined": false
      }
    ],
    "isTemplate": false,
    "count": 0,
    "updated": 0
  },
  {
    "id": "a1e17b82-fc7f-4a11-a1be-132f0d6dc4b9",
    "data": [
      {
        "text": "tell ",
        "userDefined": false
      },
      {
        "text": "me",
        "meta": "@sys.ignore",
        "userDefined": true
      },
      {
        "text": " about your hobby",
        "userDefined": false
      }
    ],
    "isTemplate": false,
    "count": 0,
    "updated": 0
  }
]