[
  {
    "id": "27a8bff9-53f9-410b-8f00-4dbe5d26b2b4",
    "data": [
      {
        "text": "you annoy me",
        "userDefined": false
      }
    ],
    "isTemplate": false,
    "count": 0,
    "updated": 0
  },
  {
    "id": "cef10a72-547f-47c1-a2c0-4dedb38b76c4",
    "data": [
      {
        "text": "you\u0027re incredibly annoying",
        "userDefined": false
      }
    ],
    "isTemplate": false,
    "count": 0,
    "updated": 0
  },
  {
    "id": "1f70568d-6fb8-4e0e-885c-c6ec3ecfcf5f",
    "data": [
      {
        "text": "you ",
        "userDefined": false
      },
      {
        "text": "are",
        "meta": "@sys.ignore",
        "userDefined": false
      },
      {
        "text": " annoying",
        "userDefined": false
      }
    ],
    "isTemplate": false,
    "count": 0,
    "updated": 0
  },
  {
    "id": "42025831-7b7d-4d26-b2c7-6a1aea1a5d05",
    "data": [
      {
        "text": "how annoying you ",
        "userDefined": false
      },
      {
        "text": "are",
        "meta": "@sys.ignore",
        "userDefined": false
      }
    ],
    "isTemplate": false,
    "count": 0,
    "updated": 0
  },
  {
    "id": "8612db25-0a34-4c2c-9f7d-2cdb912d15ae",
    "data": [
      {
        "text": "you are annoying me",
        "userDefined": false
      }
    ],
    "isTemplate": false,
    "count": 0,
    "updated": 0
  },
  {
    "id": "a06f1bbe-33f3-41d7-ac6e-334971884d18",
    "data": [
      {
        "text": "you\u0027re too annoying",
        "userDefined": false
      }
    ],
    "isTemplate": false,
    "count": 0,
    "updated": 0
  },
  {
    "id": "7eb5d0fd-3a6e-4d96-9cf8-2c4c50401899",
    "data": [
      {
        "text": "you are irritating",
        "userDefined": false
      }
    ],
    "isTemplate": false,
    "count": 0,
    "updated": 0
  },
  {
    "id": "029c2f9c-5b47-491e-9af4-40bea077c7ab",
    "data": [
      {
        "text": "you are very annoying",
        "userDefined": false
      }
    ],
    "isTemplate": false,
    "count": 0,
    "updated": 0
  },
  {
    "id": "c4d945e1-e0b2-4e24-b5ad-c9e24be388fd",
    "data": [
      {
        "text": "you are such annoying",
        "userDefined": false
      }
    ],
    "isTemplate": false,
    "count": 0,
    "updated": 0
  },
  {
    "id": "8b36c39a-2cf0-436c-a6ec-9b1609aa4650",
    "data": [
      {
        "text": "you are annoying me so much",
        "userDefined": false
      }
    ],
    "isTemplate": false,
    "count": 0,
    "updated": 0
  },
  {
    "id": "1da0aa33-bfe4-457d-8ee5-4282e443d300",
    "data": [
      {
        "text": "you\u0027re so annoying",
        "userDefined": false
      }
    ],
    "isTemplate": false,
    "count": 0,
    "updated": 0
  },
  {
    "id": "862d9d53-f924-4a04-b80c-e01722375f46",
    "data": [
      {
        "text": "I find you annoying",
        "userDefined": false
      }
    ],
    "isTemplate": false,
    "count": 0,
    "updated": 0
  }
]