[
  {
    "id": "b602e202-dd77-470f-8de1-ba3809b4889a",
    "data": [
      {
        "text": "you\u0027re very hungry",
        "userDefined": false
      }
    ],
    "isTemplate": false,
    "count": 1,
    "updated": 0
  },
  {
    "id": "ec4eb987-1084-4bde-bf91-65dca7c35903",
    "data": [
      {
        "text": "you ",
        "userDefined": false
      },
      {
        "text": "are",
        "meta": "@sys.ignore",
        "userDefined": false
      },
      {
        "text": " hungry",
        "userDefined": false
      }
    ],
    "isTemplate": false,
    "count": 0,
    "updated": 0
  },
  {
    "id": "026e4b16-ee35-4f7e-8046-fce9d056389e",
    "data": [
      {
        "text": "do you want to ",
        "userDefined": false
      },
      {
        "text": "eat",
        "meta": "@sys.ignore",
        "userDefined": false
      }
    ],
    "isTemplate": false,
    "count": 0,
    "updated": 0
  },
  {
    "id": "ef668af0-b5bf-4054-904e-c285ebfde336",
    "data": [
      {
        "text": "you\u0027re so hungry",
        "userDefined": false
      }
    ],
    "isTemplate": false,
    "count": 0,
    "updated": 0
  },
  {
    "id": "dbee2dc6-160d-401d-b1c0-f6b3102658ba",
    "data": [
      {
        "text": "would you like to ",
        "userDefined": false
      },
      {
        "text": "eat",
        "meta": "@sys.ignore",
        "userDefined": false
      },
      {
        "text": " something",
        "userDefined": false
      }
    ],
    "isTemplate": false,
    "count": 0,
    "updated": 0
  },
  {
    "id": "01db3592-f1f5-4ec9-88e6-d133926b448b",
    "data": [
      {
        "text": "are",
        "meta": "@sys.ignore",
        "userDefined": false
      },
      {
        "text": " you hungry",
        "userDefined": false
      }
    ],
    "isTemplate": false,
    "count": 0,
    "updated": 0
  },
  {
    "id": "b24f3d02-1aa9-4a31-8869-1026ddc9cf72",
    "data": [
      {
        "text": "you might be hungry",
        "userDefined": false
      }
    ],
    "isTemplate": false,
    "count": 0,
    "updated": 0
  },
  {
    "id": "6fa06cb6-7a8a-4fcf-83f8-90e150736062",
    "data": [
      {
        "text": "you\u0027re really hungry",
        "userDefined": false
      }
    ],
    "isTemplate": false,
    "count": 0,
    "updated": 0
  }
]