[
  {
    "id": "1f8c6959-d87b-4f6e-9d8d-e9688a4f8eac",
    "data": [
      {
        "text": "now you\u0027re fired",
        "userDefined": false
      }
    ],
    "isTemplate": false,
    "count": 0,
    "updated": 0
  },
  {
    "id": "13ee0784-2225-45da-bb27-e71a82f18e2e",
    "data": [
      {
        "text": "it\u0027s",
        "meta": "@sys.ignore",
        "userDefined": false
      },
      {
        "text": " time to fire you",
        "userDefined": false
      }
    ],
    "isTemplate": false,
    "count": 0,
    "updated": 0
  },
  {
    "id": "75a4716d-c9a8-4315-ac30-31ff40c15661",
    "data": [
      {
        "text": "you are unemployed from ",
        "userDefined": false
      },
      {
        "text": "now",
        "meta": "@sys.ignore",
        "userDefined": false
      },
      {
        "text": " on",
        "userDefined": false
      }
    ],
    "isTemplate": false,
    "count": 0,
    "updated": 0
  },
  {
    "id": "33070de3-25ee-4c77-b54c-5b260a8242c3",
    "data": [
      {
        "text": "you ",
        "userDefined": false
      },
      {
        "text": "don\u0027t",
        "meta": "@sys.ignore",
        "userDefined": false
      },
      {
        "text": " ",
        "userDefined": false
      },
      {
        "text": "work",
        "meta": "@sys.ignore",
        "userDefined": false
      },
      {
        "text": " for me anymore",
        "userDefined": false
      }
    ],
    "isTemplate": false,
    "count": 0,
    "updated": 0
  },
  {
    "id": "aa7d47f4-1e75-4982-a73a-894e8df47d30",
    "data": [
      {
        "text": "I ",
        "userDefined": false
      },
      {
        "text": "will",
        "meta": "@sys.ignore",
        "userDefined": false
      },
      {
        "text": " fire you",
        "userDefined": false
      }
    ],
    "isTemplate": false,
    "count": 0,
    "updated": 0
  },
  {
    "id": "d787eb18-d7bf-48d5-92a2-493af5ad2ed0",
    "data": [
      {
        "text": "we",
        "meta": "@sys.ignore",
        "userDefined": false
      },
      {
        "text": "\u0027re not working together anymore",
        "userDefined": false
      }
    ],
    "isTemplate": false,
    "count": 0,
    "updated": 0
  },
  {
    "id": "6095c2b1-903a-407a-a0d3-456717ee3e2f",
    "data": [
      {
        "text": "you ",
        "userDefined": false
      },
      {
        "text": "are",
        "meta": "@sys.ignore",
        "userDefined": false
      },
      {
        "text": " fired",
        "userDefined": false
      }
    ],
    "isTemplate": false,
    "count": 0,
    "updated": 0
  },
  {
    "id": "cc6e759d-36f0-4b4e-9cdb-e1e8b572eb2d",
    "data": [
      {
        "text": "I want to fire you",
        "userDefined": false
      }
    ],
    "isTemplate": false,
    "count": 0,
    "updated": 0
  },
  {
    "id": "eedd24c5-c808-46e0-9a66-c71601f996db",
    "data": [
      {
        "text": "you ",
        "userDefined": false
      },
      {
        "text": "are",
        "meta": "@sys.ignore",
        "userDefined": false
      },
      {
        "text": " dismissed",
        "userDefined": false
      }
    ],
    "isTemplate": false,
    "count": 0,
    "updated": 0
  },
  {
    "id": "bfb07bed-e7d6-4519-aa4f-64950084069d",
    "data": [
      {
        "text": "you should be fired",
        "userDefined": false
      }
    ],
    "isTemplate": false,
    "count": 0,
    "updated": 0
  },
  {
    "id": "103f9913-f297-4f80-870a-ae26e9b6c4a2",
    "data": [
      {
        "text": "I will make you unemployed",
        "userDefined": false
      }
    ],
    "isTemplate": false,
    "count": 0,
    "updated": 0
  },
  {
    "id": "8c74db26-a47d-47a8-be04-7e6ed4f40b50",
    "data": [
      {
        "text": "I\u0027m about to fire you",
        "userDefined": false
      }
    ],
    "isTemplate": false,
    "count": 0,
    "updated": 0
  },
  {
    "id": "45158241-9de9-45d4-a8aa-b6a6bd8e1c68",
    "data": [
      {
        "text": "I fire you",
        "userDefined": false
      }
    ],
    "isTemplate": false,
    "count": 0,
    "updated": 0
  },
  {
    "id": "bdc9ca78-ab61-46a0-b746-814be413bdcd",
    "data": [
      {
        "text": "you must ",
        "userDefined": false
      },
      {
        "text": "get",
        "meta": "@sys.ignore",
        "userDefined": false
      },
      {
        "text": " fired",
        "userDefined": false
      }
    ],
    "isTemplate": false,
    "count": 0,
    "updated": 0
  },
  {
    "id": "10ca67dc-0c8a-4c49-b7ad-8d0dc91e85a1",
    "data": [
      {
        "text": "I\u0027m firing you",
        "userDefined": false
      }
    ],
    "isTemplate": false,
    "count": 0,
    "updated": 0
  }
]