[
  {
    "id": "cc4e5c31-d2b4-4b35-9d45-16ca647b53cf",
    "data": [
      {
        "text": "can you help me",
        "userDefined": false
      }
    ],
    "isTemplate": false,
    "count": 1,
    "updated": 1529435524
  },
  {
    "id": "9b4a6559-c270-4a6c-af4b-af8b940fda87",
    "data": [
      {
        "text": "I need you ",
        "userDefined": false
      },
      {
        "text": "right now",
        "meta": "@sys.ignore",
        "userDefined": true
      }
    ],
    "isTemplate": false,
    "count": 0,
    "updated": 1529435524
  },
  {
    "id": "36bcdf3c-1863-4008-a2db-98ef4389cc12",
    "data": [
      {
        "text": "I need ",
        "userDefined": false
      },
      {
        "text": "your",
        "meta": "@sys.ignore",
        "userDefined": false
      },
      {
        "text": " help",
        "userDefined": false
      }
    ],
    "isTemplate": false,
    "count": 0,
    "updated": 1529435524
  },
  {
    "id": "44189269-c1da-417f-b9c6-39e0caff8b4a",
    "data": [
      {
        "text": "assistance",
        "userDefined": false
      }
    ],
    "isTemplate": false,
    "count": 0,
    "updated": 1529435524
  },
  {
    "id": "68bc02df-9440-4974-8527-c66418529644",
    "data": [
      {
        "text": "do you want to help me",
        "userDefined": false
      }
    ],
    "isTemplate": false,
    "count": 1,
    "updated": 1529435524
  },
  {
    "id": "4622180f-cddb-4a7d-b0c7-1ab85e9f3289",
    "data": [
      {
        "text": "help me",
        "userDefined": false
      }
    ],
    "isTemplate": false,
    "count": 0,
    "updated": 1529435524
  },
  {
    "id": "e4c448d9-9cb5-4ee2-9a89-63f1b9f18739",
    "data": [
      {
        "text": "I need help",
        "userDefined": false
      }
    ],
    "isTemplate": false,
    "count": 0,
    "updated": 1529435524
  },
  {
    "id": "e3edfb77-f5d4-45c4-b5b9-016078b88d44",
    "data": [
      {
        "text": "I want ",
        "userDefined": false
      },
      {
        "text": "your",
        "meta": "@sys.ignore",
        "userDefined": true
      },
      {
        "text": " help",
        "userDefined": false
      }
    ],
    "isTemplate": false,
    "count": 0,
    "updated": 1529435524
  },
  {
    "id": "aeec556b-08bd-4497-80d2-88af89236f7c",
    "data": [
      {
        "text": "can help me",
        "userDefined": false
      }
    ],
    "isTemplate": false,
    "count": 0,
    "updated": 1529435524
  },
  {
    "id": "baa21e47-a5c4-41ce-a884-e09e7210bfe3",
    "data": [
      {
        "text": "I need you to help me",
        "userDefined": false
      }
    ],
    "isTemplate": false,
    "count": 0,
    "updated": 1529435524
  },
  {
    "id": "29a7c11c-0ab7-468d-8793-d6db4fb82020",
    "data": [
      {
        "text": "would you help me",
        "userDefined": false
      }
    ],
    "isTemplate": false,
    "count": 0,
    "updated": 1529435524
  },
  {
    "id": "ae7a1a03-0161-4581-b91c-610c572f3204",
    "data": [
      {
        "text": "are",
        "meta": "@sys.ignore",
        "userDefined": true
      },
      {
        "text": " you going to help me",
        "userDefined": false
      }
    ],
    "isTemplate": false,
    "count": 0,
    "updated": 1529435524
  },
  {
    "id": "7709d4a1-736c-40f1-a33e-e68134d46274",
    "data": [
      {
        "text": "you help me",
        "userDefined": false
      }
    ],
    "isTemplate": false,
    "count": 2,
    "updated": 1529435524
  },
  {
    "id": "0c823709-f225-4fa8-859a-e28ab043348a",
    "data": [
      {
        "text": "can u help me",
        "userDefined": false
      }
    ],
    "isTemplate": false,
    "count": 0,
    "updated": 1529435524
  },
  {
    "id": "9e9b964b-17b9-4b1c-88fb-e091cf7b53a5",
    "data": [
      {
        "text": "I need a hand",
        "userDefined": false
      }
    ],
    "isTemplate": false,
    "count": 1,
    "updated": 1529435524
  },
  {
    "id": "daf4df09-1c08-45e0-b823-2a050eb61bea",
    "data": [
      {
        "text": "can you help me out",
        "userDefined": false
      }
    ],
    "isTemplate": false,
    "count": 0,
    "updated": 1529435524
  },
  {
    "id": "bb24bdaa-a4ed-4fd6-b190-fd82405ffc5d",
    "data": [
      {
        "text": "can you help me now",
        "userDefined": false
      }
    ],
    "isTemplate": false,
    "count": 0,
    "updated": 1529435524
  },
  {
    "id": "0bcd5937-d4fc-4297-a5a2-642318037a27",
    "data": [
      {
        "text": "will",
        "meta": "@sys.ignore",
        "userDefined": true
      },
      {
        "text": " you help me",
        "userDefined": false
      }
    ],
    "isTemplate": false,
    "count": 0,
    "updated": 1529435524
  },
  {
    "id": "2b7a64ce-186b-43ff-af14-f09613b1cf40",
    "data": [
      {
        "text": "I need you to do something for me",
        "userDefined": false
      }
    ],
    "isTemplate": false,
    "count": 0,
    "updated": 1529435524
  },
  {
    "id": "800f7b5f-8596-4794-a9e0-f5ccbfa5dd22",
    "data": [
      {
        "text": "please help me",
        "userDefined": false
      }
    ],
    "isTemplate": false,
    "count": 0,
    "updated": 1529435524
  },
  {
    "id": "306b6685-141a-407c-9d06-00519ac44651",
    "data": [
      {
        "text": "sos",
        "userDefined": false
      }
    ],
    "isTemplate": false,
    "count": 0,
    "updated": 1529435524
  },
  {
    "id": "4b57ca98-3a96-445e-a676-f73d480f3c65",
    "data": [
      {
        "text": "can you help me with something",
        "userDefined": false
      }
    ],
    "isTemplate": false,
    "count": 1,
    "updated": 1529435524
  },
  {
    "id": "9083dc92-3ca9-4809-8985-2a3b35c5dab3",
    "data": [
      {
        "text": "I need you",
        "userDefined": false
      }
    ],
    "isTemplate": false,
    "count": 0,
    "updated": 1529435524
  },
  {
    "id": "ca18c677-4370-40c4-9177-5a593efd9c3d",
    "data": [
      {
        "text": "assist me",
        "userDefined": false
      }
    ],
    "isTemplate": false,
    "count": 0,
    "updated": 1529435524
  },
  {
    "id": "795fa892-315e-49cd-9bf6-43559a4e878a",
    "data": [
      {
        "text": "can you help",
        "userDefined": false
      }
    ],
    "isTemplate": false,
    "count": 0,
    "updated": 1529435524
  },
  {
    "id": "98930b83-67dd-449f-97bd-c2999a2b173f",
    "data": [
      {
        "text": "need help",
        "userDefined": false
      }
    ],
    "isTemplate": false,
    "count": 0,
    "updated": 1529435524
  },
  {
    "id": "864767d2-1a11-4a53-8d9f-ab8848c4c489",
    "data": [
      {
        "text": "can you help ",
        "userDefined": false
      },
      {
        "text": "us",
        "meta": "@sys.ignore",
        "userDefined": true
      }
    ],
    "isTemplate": false,
    "count": 1,
    "updated": 1529435524
  },
  {
    "id": "67a553a1-1345-4ee3-b785-50bed46caa79",
    "data": [
      {
        "text": "I need some help",
        "userDefined": false
      }
    ],
    "isTemplate": false,
    "count": 0,
    "updated": 1529435524
  },
  {
    "id": "34dfde6a-ca95-44a5-a7a4-7436df42706c",
    "data": [
      {
        "text": "do me a favor",
        "userDefined": false
      }
    ],
    "isTemplate": false,
    "count": 0,
    "updated": 1529435524
  },
  {
    "id": "9cbf1f6c-760f-4fae-ad73-fe6b25bb2069",
    "data": [
      {
        "text": "can you assist me",
        "userDefined": false
      }
    ],
    "isTemplate": false,
    "count": 1,
    "updated": 1529435524
  },
  {
    "id": "e9cbefba-a449-40b7-a735-3b08b06f23e3",
    "data": [
      {
        "text": "can you do something for me",
        "userDefined": false
      }
    ],
    "isTemplate": false,
    "count": 0,
    "updated": 1529435524
  },
  {
    "id": "b08c2c41-a95c-4617-94d8-0fd2616cfb4c",
    "data": [
      {
        "text": "can you help me with that",
        "userDefined": false
      }
    ],
    "isTemplate": false,
    "count": 0,
    "updated": 1529435524
  },
  {
    "id": "a80f2ff2-f5ef-415b-b8dc-4a2ee86cb409",
    "data": [
      {
        "text": "you can help me",
        "userDefined": false
      }
    ],
    "isTemplate": false,
    "count": 0,
    "updated": 1529435524
  },
  {
    "id": "96c980fe-8934-4a08-8f72-6bde940aaa11",
    "data": [
      {
        "text": "help me with a problem",
        "userDefined": false
      }
    ],
    "isTemplate": false,
    "count": 1,
    "updated": 1529435524
  },
  {
    "id": "8c813502-8da9-417a-9ce9-58498d4a2d24",
    "data": [
      {
        "text": "need ",
        "userDefined": false
      },
      {
        "text": "your",
        "meta": "@sys.ignore",
        "userDefined": true
      },
      {
        "text": " help",
        "userDefined": false
      }
    ],
    "isTemplate": false,
    "count": 0,
    "updated": 1529435524
  },
  {
    "id": "f0e9c0c4-13b9-49d7-8b28-a9476d93dff8",
    "data": [
      {
        "text": "assist",
        "userDefined": false
      }
    ],
    "isTemplate": false,
    "count": 0,
    "updated": 1529435524
  },
  {
    "id": "25f5d7d1-3c01-4c64-a183-e55103778026",
    "data": [
      {
        "text": "do you help me",
        "userDefined": false
      }
    ],
    "isTemplate": false,
    "count": 0,
    "updated": 1529435524
  },
  {
    "id": "23885fe8-c4cd-4e9f-a14d-1d02f30a1d01",
    "data": [
      {
        "text": "could you give ",
        "userDefined": false
      },
      {
        "text": "me",
        "meta": "@sys.ignore",
        "userDefined": false
      },
      {
        "text": " a ",
        "userDefined": false
      },
      {
        "text": "hand",
        "meta": "@sys.ignore",
        "userDefined": false
      }
    ],
    "isTemplate": false,
    "count": 2,
    "updated": 1529435524
  },
  {
    "id": "27d940b9-c941-49bd-a200-828476e2c527",
    "data": [
      {
        "text": "help",
        "userDefined": false
      }
    ],
    "isTemplate": false,
    "count": 0,
    "updated": 1529435524
  }
]