[
  {
    "id": "3ca38cfe-6957-492d-ab2c-e236d0ea74c9",
    "data": [
      {
        "text": "I grow weary",
        "userDefined": false
      }
    ],
    "isTemplate": false,
    "count": 0,
    "updated": 1529441576
  },
  {
    "id": "c246d45b-8503-470d-8880-b5e81a613016",
    "data": [
      {
        "text": "I\u0027m exhausted",
        "userDefined": false
      }
    ],
    "isTemplate": false,
    "count": 0,
    "updated": 1529441576
  },
  {
    "id": "275d6d9a-9904-4423-ad45-57a94a8f7889",
    "data": [
      {
        "text": "I\u0027m worn out",
        "userDefined": false
      }
    ],
    "isTemplate": false,
    "count": 0,
    "updated": 1529441576
  },
  {
    "id": "21ebf865-f79e-463e-8daf-27d37e01ce59",
    "data": [
      {
        "text": "I am tired",
        "userDefined": false
      }
    ],
    "isTemplate": false,
    "count": 0,
    "updated": 1529441576
  },
  {
    "id": "21c40253-9f53-4e1e-8d5b-8ea4694737cf",
    "data": [
      {
        "text": "I ",
        "userDefined": false
      },
      {
        "text": "feel",
        "meta": "@sys.ignore",
        "userDefined": false
      },
      {
        "text": " tired",
        "userDefined": false
      }
    ],
    "isTemplate": false,
    "count": 0,
    "updated": 1529441576
  },
  {
    "id": "048d6261-d379-43ce-a257-481b14c88782",
    "data": [
      {
        "text": "I\u0027m getting tired",
        "userDefined": false
      }
    ],
    "isTemplate": false,
    "count": 0,
    "updated": 1529441576
  },
  {
    "id": "611ad455-4b5e-4343-a685-020b85e67da8",
    "data": [
      {
        "text": "I\u0027ve overworked",
        "userDefined": false
      }
    ],
    "isTemplate": false,
    "count": 0,
    "updated": 1529441576
  },
  {
    "id": "5946cf88-98c4-4cd4-a648-cce9c2c44c83",
    "data": [
      {
        "text": "I\u0027m drained",
        "userDefined": false
      }
    ],
    "isTemplate": false,
    "count": 0,
    "updated": 1529441576
  }
]