[
  {
    "id": "5f438f32-018b-4d65-8164-672846e12d1f",
    "data": [
      {
        "text": "talk to me",
        "userDefined": false
      }
    ],
    "isTemplate": false,
    "count": 1,
    "updated": 1529440507
  },
  {
    "id": "2503273a-8138-40d7-ac28-58040a2b0856",
    "data": [
      {
        "text": "do you want to chat with me",
        "userDefined": false
      }
    ],
    "isTemplate": false,
    "count": 0,
    "updated": 1529440507
  },
  {
    "id": "72316d6f-4207-4ad7-a51f-b8b3f8ac5c50",
    "data": [
      {
        "text": "can you talk with me",
        "userDefined": false
      }
    ],
    "isTemplate": false,
    "count": 0,
    "updated": 1529440507
  },
  {
    "id": "e8040fae-2a4e-4acf-8472-23c9d3f79b2b",
    "data": [
      {
        "text": "will",
        "meta": "@sys.ignore",
        "userDefined": false
      },
      {
        "text": " you talk to me",
        "userDefined": false
      }
    ],
    "isTemplate": false,
    "count": 0,
    "updated": 1529440507
  },
  {
    "id": "f45a152a-52b7-40b8-bd16-4b31ac9f5210",
    "data": [
      {
        "text": "can you chat with me",
        "userDefined": false
      }
    ],
    "isTemplate": false,
    "count": 0,
    "updated": 1529440507
  },
  {
    "id": "d78800cf-7cd7-444a-b07b-b8f5fa7290ea",
    "data": [
      {
        "text": "can you talk to me",
        "userDefined": false
      }
    ],
    "isTemplate": false,
    "count": 0,
    "updated": 1529440507
  },
  {
    "id": "fdea1541-30ba-41ad-869f-5a1579aadb2f",
    "data": [
      {
        "text": "are",
        "meta": "@sys.ignore",
        "userDefined": false
      },
      {
        "text": " you talking to me",
        "userDefined": false
      }
    ],
    "isTemplate": false,
    "count": 0,
    "updated": 1529440507
  },
  {
    "id": "a6fdd196-9a44-46ba-af89-cdd966000ed6",
    "data": [
      {
        "text": "are",
        "meta": "@sys.ignore",
        "userDefined": false
      },
      {
        "text": " you going to talk to me",
        "userDefined": false
      }
    ],
    "isTemplate": false,
    "count": 0,
    "updated": 1529440507
  },
  {
    "id": "418e2fb0-0404-45a1-87cc-c72fe11c0441",
    "data": [
      {
        "text": "why ",
        "userDefined": false
      },
      {
        "text": "don\u0027t",
        "meta": "@sys.ignore",
        "userDefined": false
      },
      {
        "text": " you talk to me",
        "userDefined": false
      }
    ],
    "isTemplate": false,
    "count": 1,
    "updated": 1529440507
  },
  {
    "id": "a277f8e6-d1c6-4867-af6e-b1b5237ef55f",
    "data": [
      {
        "text": "just chat with me",
        "userDefined": false
      }
    ],
    "isTemplate": false,
    "count": 0,
    "updated": 1529440507
  },
  {
    "id": "35e4ab2c-70f8-4ea8-8c78-1a8cd39dffa9",
    "data": [
      {
        "text": "talk",
        "meta": "@sys.ignore",
        "userDefined": false
      }
    ],
    "isTemplate": false,
    "count": 1,
    "updated": 1529440507
  },
  {
    "id": "b37aae39-7877-413b-a36b-8e83269019bf",
    "data": [
      {
        "text": "talk with me",
        "userDefined": false
      }
    ],
    "isTemplate": false,
    "count": 1,
    "updated": 1529440507
  },
  {
    "id": "aefde438-bf47-4392-8882-c5d2689d40ab",
    "data": [
      {
        "text": "speak to me",
        "userDefined": false
      }
    ],
    "isTemplate": false,
    "count": 0,
    "updated": 1529440507
  },
  {
    "id": "b8196b3f-848e-4f3e-81f9-7c33591e02d9",
    "data": [
      {
        "text": "you can talk to me",
        "userDefined": false
      }
    ],
    "isTemplate": false,
    "count": 0,
    "updated": 1529440507
  },
  {
    "id": "99fd56be-423d-444b-b8c3-00f2e9e92526",
    "data": [
      {
        "text": "speak with me",
        "userDefined": false
      }
    ],
    "isTemplate": false,
    "count": 0,
    "updated": 1529440507
  },
  {
    "id": "13048e9a-a2e2-41b2-9d88-54586fc72c03",
    "data": [
      {
        "text": "why aren\u0027t you talking to me",
        "userDefined": false
      }
    ],
    "isTemplate": false,
    "count": 0,
    "updated": 1529440507
  },
  {
    "id": "47358050-1df4-4152-8820-b821b10004a2",
    "data": [
      {
        "text": "can you speak with me",
        "userDefined": false
      }
    ],
    "isTemplate": false,
    "count": 0,
    "updated": 1529440507
  },
  {
    "id": "2f3f7b8c-7dce-438a-a486-c62f05316320",
    "data": [
      {
        "text": "say",
        "meta": "@sys.ignore",
        "userDefined": false
      }
    ],
    "isTemplate": false,
    "count": 0,
    "updated": 1529440507
  },
  {
    "id": "996d0620-abf4-4be3-bb7d-6f66f9301f7d",
    "data": [
      {
        "text": "chat with me",
        "userDefined": false
      }
    ],
    "isTemplate": false,
    "count": 1,
    "updated": 1529440507
  }
]