[
  {
    "id": "0a8b2591-df08-4c5e-9ea0-0ef89cf13b49",
    "data": [
      {
        "text": "are",
        "meta": "@sys.ignore",
        "userDefined": false
      },
      {
        "text": " you ready ",
        "userDefined": false
      },
      {
        "text": "today",
        "meta": "@sys.ignore",
        "userDefined": false
      }
    ],
    "isTemplate": false,
    "count": 0,
    "updated": 1529517028
  },
  {
    "id": "485940da-9391-49e1-a9dc-c1c124f62391",
    "data": [
      {
        "text": "are",
        "meta": "@sys.ignore",
        "userDefined": false
      },
      {
        "text": " you ready",
        "userDefined": false
      }
    ],
    "isTemplate": false,
    "count": 0,
    "updated": 1529517028
  },
  {
    "id": "eb41ae6e-1dac-47f2-bcd8-0ba5891972d6",
    "data": [
      {
        "text": "are",
        "meta": "@sys.ignore",
        "userDefined": false
      },
      {
        "text": " you ready ",
        "userDefined": false
      },
      {
        "text": "tonight",
        "meta": "@sys.ignore",
        "userDefined": false
      }
    ],
    "isTemplate": false,
    "count": 0,
    "updated": 1529517028
  },
  {
    "id": "50d5de20-cb88-4a79-9d7b-6c5916b12be1",
    "data": [
      {
        "text": "are",
        "meta": "@sys.ignore",
        "userDefined": false
      },
      {
        "text": " you ready now",
        "userDefined": false
      }
    ],
    "isTemplate": false,
    "count": 0,
    "updated": 1529517028
  },
  {
    "id": "e6867056-b442-43cd-9d27-891c6c2f7e28",
    "data": [
      {
        "text": "have you been ready",
        "userDefined": false
      }
    ],
    "isTemplate": false,
    "count": 0,
    "updated": 1529517028
  },
  {
    "id": "5c00ac22-8ee8-4873-8059-ab872b8bd84d",
    "data": [
      {
        "text": "were you ready",
        "userDefined": false
      }
    ],
    "isTemplate": false,
    "count": 0,
    "updated": 1529517028
  },
  {
    "id": "c52ce72a-b80a-46b1-be38-f1814bc36ec0",
    "data": [
      {
        "text": "are",
        "meta": "@sys.ignore",
        "userDefined": false
      },
      {
        "text": " you ready ",
        "userDefined": false
      },
      {
        "text": "right now",
        "meta": "@sys.ignore",
        "userDefined": false
      }
    ],
    "isTemplate": false,
    "count": 0,
    "updated": 1529517028
  }
]