[
  {
    "id": "2344b325-aa4b-484c-a9aa-6400747de16a",
    "data": [
      {
        "text": "ok sorry",
        "userDefined": false
      }
    ],
    "isTemplate": false,
    "count": 0,
    "updated": 0
  },
  {
    "id": "d4afc60c-db2b-490f-a66f-21d40956b9fd",
    "data": [
      {
        "text": "sorry",
        "userDefined": false
      }
    ],
    "isTemplate": false,
    "count": 0,
    "updated": 0
  },
  {
    "id": "9e94860d-2949-484f-8a10-19c634fd68fe",
    "data": [
      {
        "text": "sorry about that",
        "userDefined": false
      }
    ],
    "isTemplate": false,
    "count": 0,
    "updated": 0
  },
  {
    "id": "52cafafc-fde6-4076-9294-418d553da577",
    "data": [
      {
        "text": "apologise",
        "userDefined": false
      }
    ],
    "isTemplate": false,
    "count": 0,
    "updated": 0
  },
  {
    "id": "701d1125-fd3a-4a47-b1c4-0fc34f9c9c76",
    "data": [
      {
        "text": "apologies to me",
        "userDefined": false
      }
    ],
    "isTemplate": false,
    "count": 0,
    "updated": 0
  },
  {
    "id": "0e3b52df-73e4-4ceb-a78a-eaa0378abc17",
    "data": [
      {
        "text": "I apologize",
        "userDefined": false
      }
    ],
    "isTemplate": false,
    "count": 0,
    "updated": 0
  },
  {
    "id": "9bd84d37-14ca-40f2-a8b7-a0a9590fb047",
    "data": [
      {
        "text": "sorry about this",
        "userDefined": false
      }
    ],
    "isTemplate": false,
    "count": 0,
    "updated": 0
  },
  {
    "id": "07ca24c3-b11e-42e6-ad46-f180f29fd71e",
    "data": [
      {
        "text": "apology",
        "userDefined": false
      }
    ],
    "isTemplate": false,
    "count": 0,
    "updated": 0
  },
  {
    "id": "e4585704-1c45-49cd-8c80-8e4a026e11f4",
    "data": [
      {
        "text": "excuse",
        "userDefined": false
      }
    ],
    "isTemplate": false,
    "count": 1,
    "updated": 0
  },
  {
    "id": "50680d0e-67f7-4593-b350-878c6dd6294a",
    "data": [
      {
        "text": "okay I\u0027m sorry",
        "userDefined": false
      }
    ],
    "isTemplate": false,
    "count": 0,
    "updated": 0
  },
  {
    "id": "b10e773c-c464-4c7d-b874-a98d7afbfc13",
    "data": [
      {
        "text": "really sorry",
        "userDefined": false
      }
    ],
    "isTemplate": false,
    "count": 0,
    "updated": 0
  },
  {
    "id": "6d317899-7866-4526-ba9d-6e5cf4601827",
    "data": [
      {
        "text": "apologies",
        "userDefined": false
      }
    ],
    "isTemplate": false,
    "count": 0,
    "updated": 0
  },
  {
    "id": "d1603014-720a-481e-961c-f5d46ee7d976",
    "data": [
      {
        "text": "I am really sorry",
        "userDefined": false
      }
    ],
    "isTemplate": false,
    "count": 0,
    "updated": 0
  },
  {
    "id": "4ef5c773-7bdc-47ca-83c1-7646bdd98f6c",
    "data": [
      {
        "text": "I want to say sorry",
        "userDefined": false
      }
    ],
    "isTemplate": false,
    "count": 0,
    "updated": 0
  },
  {
    "id": "5b0953ff-310c-4c42-a32a-b474964b04b5",
    "data": [
      {
        "text": "alright I\u0027m sorry",
        "userDefined": false
      }
    ],
    "isTemplate": false,
    "count": 1,
    "updated": 0
  },
  {
    "id": "06377845-a1b3-4ec7-9f41-dd25770cb8e6",
    "data": [
      {
        "text": "I am so sorry",
        "userDefined": false
      }
    ],
    "isTemplate": false,
    "count": 0,
    "updated": 0
  },
  {
    "id": "9eab3562-8c76-493c-b8dc-31ce1224f4d6",
    "data": [
      {
        "text": "I said sorry",
        "userDefined": false
      }
    ],
    "isTemplate": false,
    "count": 0,
    "updated": 0
  },
  {
    "id": "16fddaa8-3e81-47f5-a6b9-8215297b2ecc",
    "data": [
      {
        "text": "I beg ",
        "userDefined": false
      },
      {
        "text": "your",
        "meta": "@sys.ignore",
        "userDefined": false
      },
      {
        "text": " pardon",
        "userDefined": false
      }
    ],
    "isTemplate": false,
    "count": 0,
    "updated": 0
  },
  {
    "id": "ad87c78f-5fef-4614-b9ed-bbb03a906ba8",
    "data": [
      {
        "text": "my apologies",
        "userDefined": false
      }
    ],
    "isTemplate": false,
    "count": 0,
    "updated": 0
  },
  {
    "id": "b8c9dee9-d70e-4bf8-a00d-d39dcdc1a0a4",
    "data": [
      {
        "text": "excuse me",
        "userDefined": false
      }
    ],
    "isTemplate": false,
    "count": 1,
    "updated": 0
  },
  {
    "id": "0d26c007-8616-4035-9c0f-7faa449a9bea",
    "data": [
      {
        "text": "I\u0027m sorry",
        "userDefined": false
      }
    ],
    "isTemplate": false,
    "count": 0,
    "updated": 0
  },
  {
    "id": "694b2ddd-9dd5-42e5-8e36-31051eea1967",
    "data": [
      {
        "text": "forgive me",
        "userDefined": false
      }
    ],
    "isTemplate": false,
    "count": 0,
    "updated": 0
  },
  {
    "id": "e013d39b-4f23-4881-aa3a-606e371baeb2",
    "data": [
      {
        "text": "pardon",
        "userDefined": false
      }
    ],
    "isTemplate": false,
    "count": 0,
    "updated": 0
  },
  {
    "id": "5892875c-86ae-4f77-b3cb-d92f1809bdac",
    "data": [
      {
        "text": "very sorry",
        "userDefined": false
      }
    ],
    "isTemplate": false,
    "count": 0,
    "updated": 0
  }
]