[
  {
    "id": "634b6c74-9a1d-4c94-a537-de7de7a68e1c",
    "data": [
      {
        "text": "how old ",
        "userDefined": false
      },
      {
        "text": "are",
        "meta": "@sys.ignore",
        "userDefined": false
      },
      {
        "text": " you",
        "userDefined": false
      }
    ],
    "isTemplate": false,
    "count": 0,
    "updated": 0
  },
  {
    "id": "b8cc019c-f3ec-45ed-9413-b3f4bef919f0",
    "data": [
      {
        "text": "how old is your platform",
        "userDefined": false
      }
    ],
    "isTemplate": false,
    "count": 0,
    "updated": 0
  },
  {
    "id": "82584d73-6e7d-4379-ac78-5fdcce51760a",
    "data": [
      {
        "text": "what\u0027s your age",
        "userDefined": false
      }
    ],
    "isTemplate": false,
    "count": 0,
    "updated": 1517605715
  },
  {
    "id": "0d50fe22-921c-4ad0-b842-cf072255b417",
    "data": [
      {
        "text": "age of yours",
        "userDefined": false
      }
    ],
    "isTemplate": false,
    "count": 0,
    "updated": 0
  },
  {
    "id": "b0a70cd8-7929-4430-ae32-5128e193b7c6",
    "data": [
      {
        "text": "I\u0027d like to know your age",
        "userDefined": false
      }
    ],
    "isTemplate": false,
    "count": 0,
    "updated": 0
  },
  {
    "id": "d77af267-1f7b-4bd4-8b29-05ad1a344d83",
    "data": [
      {
        "text": "tell me your age",
        "userDefined": false
      }
    ],
    "isTemplate": false,
    "count": 0,
    "updated": 0
  },
  {
    "id": "8282a9b7-b0ba-4b3e-966e-df25abdcb166",
    "data": [
      {
        "text": "your",
        "meta": "@sys.ignore",
        "userDefined": false
      },
      {
        "text": " age",
        "userDefined": false
      }
    ],
    "isTemplate": false,
    "count": 0,
    "updated": 0
  },
  {
    "id": "6e71f508-9497-4488-b292-31c45548ca26",
    "data": [
      {
        "text": "are you ",
        "userDefined": false
      },
      {
        "text": "21",
        "alias": "age",
        "meta": "@sys.number",
        "userDefined": true
      },
      {
        "text": " years old",
        "userDefined": false
      }
    ],
    "isTemplate": false,
    "count": 0,
    "updated": 1517605715
  }
]