[
  {
    "id": "d4dbc44a-76d4-457f-88c8-33e958bc1f5e",
    "data": [
      {
        "text": "answer",
        "userDefined": false
      }
    ],
    "isTemplate": false,
    "count": 0,
    "updated": 1530228019
  },
  {
    "id": "f7d64c01-f578-4050-94e4-7b7ef03713d4",
    "data": [
      {
        "text": "just answer my question",
        "userDefined": false
      }
    ],
    "isTemplate": false,
    "count": 0,
    "updated": 1530228019
  },
  {
    "id": "c58df701-ce38-4212-88e5-35579abb1552",
    "data": [
      {
        "text": "answers",
        "userDefined": false
      }
    ],
    "isTemplate": false,
    "count": 0,
    "updated": 1530228019
  },
  {
    "id": "94fc3a91-7d82-40e0-ab66-409ee4d9e37f",
    "data": [
      {
        "text": "tell me the answer",
        "userDefined": false
      }
    ],
    "isTemplate": false,
    "count": 0,
    "updated": 1530228019
  },
  {
    "id": "3b4085dd-259a-4a76-b1d9-7a4d2ca3f8d7",
    "data": [
      {
        "text": "answer my question",
        "userDefined": false
      }
    ],
    "isTemplate": false,
    "count": 0,
    "updated": 1530228019
  },
  {
    "id": "2440cc51-e24b-4743-ba4a-b1cc8a792454",
    "data": [
      {
        "text": "can you answer me",
        "userDefined": false
      }
    ],
    "isTemplate": false,
    "count": 0,
    "updated": 1530228019
  },
  {
    "id": "cc9b7ac4-ee96-484d-bc1c-08b9937ccd54",
    "data": [
      {
        "text": "answering questions",
        "userDefined": false
      }
    ],
    "isTemplate": false,
    "count": 0,
    "updated": 1530228019
  },
  {
    "id": "d5919619-6d3e-41c0-be36-3937f865117d",
    "data": [
      {
        "text": "I have a question",
        "userDefined": false
      }
    ],
    "isTemplate": false,
    "count": 0,
    "updated": 1530228019
  },
  {
    "id": "53c92a38-09e4-4a50-96a1-39c03dfe488b",
    "data": [
      {
        "text": "can you answer my question",
        "userDefined": false
      }
    ],
    "isTemplate": false,
    "count": 0,
    "updated": 1530228019
  },
  {
    "id": "0fa9fdc7-8156-4917-b3ee-933c0bbe44e3",
    "data": [
      {
        "text": "give",
        "meta": "@sys.ignore",
        "userDefined": false
      },
      {
        "text": " me the answer",
        "userDefined": false
      }
    ],
    "isTemplate": false,
    "count": 0,
    "updated": 1530228019
  },
  {
    "id": "d92ad27f-fb11-4de7-9a92-eefc40c22318",
    "data": [
      {
        "text": "I want you to answer my question",
        "userDefined": false
      }
    ],
    "isTemplate": false,
    "count": 0,
    "updated": 1530228019
  },
  {
    "id": "213e3313-0435-4563-b688-8a573abfd3cd",
    "data": [
      {
        "text": "answer me",
        "userDefined": false
      }
    ],
    "isTemplate": false,
    "count": 0,
    "updated": 1530228019
  },
  {
    "id": "37f99f4c-bbfd-4fdd-9229-02490a96f93f",
    "data": [
      {
        "text": "answer the question",
        "userDefined": false
      }
    ],
    "isTemplate": false,
    "count": 0,
    "updated": 1530228019
  },
  {
    "id": "3cdcfcf4-3de9-4572-a5b0-6f05da3639bd",
    "data": [
      {
        "text": "just answer the question",
        "userDefined": false
      }
    ],
    "isTemplate": false,
    "count": 0,
    "updated": 1530228019
  },
  {
    "id": "6722afe7-5a94-4ff5-9498-10a51ec7a0f7",
    "data": [
      {
        "text": "give",
        "meta": "@sys.ignore",
        "userDefined": false
      },
      {
        "text": " me an answer",
        "userDefined": false
      }
    ],
    "isTemplate": false,
    "count": 0,
    "updated": 1530228019
  },
  {
    "id": "cf1fbc12-bc88-44f5-8ea4-461497558fa5",
    "data": [
      {
        "text": "can you answer",
        "userDefined": false
      }
    ],
    "isTemplate": false,
    "count": 0,
    "updated": 1530228019
  },
  {
    "id": "b80336d5-60d0-486c-8caf-d92f4f0ff858",
    "data": [
      {
        "text": "I want you to answer ",
        "userDefined": false
      },
      {
        "text": "me",
        "meta": "@sys.ignore",
        "userDefined": false
      }
    ],
    "isTemplate": false,
    "count": 0,
    "updated": 1530228019
  },
  {
    "id": "78b91502-c081-4658-824b-6d9923f6a74e",
    "data": [
      {
        "text": "I want the answer now",
        "userDefined": false
      }
    ],
    "isTemplate": false,
    "count": 0,
    "updated": 1530228019
  },
  {
    "id": "78dc1b53-5542-442a-a7f3-c083888bd9f2",
    "data": [
      {
        "text": "can you answer a question for me",
        "userDefined": false
      }
    ],
    "isTemplate": false,
    "count": 0,
    "updated": 1530228019
  },
  {
    "id": "6bc99a55-a171-49d1-a921-25bf01d902a7",
    "data": [
      {
        "text": "answer ",
        "userDefined": false
      },
      {
        "text": "it",
        "meta": "@sys.ignore",
        "userDefined": false
      }
    ],
    "isTemplate": false,
    "count": 0,
    "updated": 1530228019
  }
]