[
  {
    "id": "f7ee007f-7e69-42b4-ac0a-bdd102950460",
    "data": [
      {
        "text": "I\u0027m already here",
        "userDefined": false
      }
    ],
    "isTemplate": false,
    "count": 0,
    "updated": 0
  },
  {
    "id": "03353819-b8a8-4972-8f16-19cdf6339808",
    "data": [
      {
        "text": "can you tell if I\u0027m here or not",
        "userDefined": false
      }
    ],
    "isTemplate": false,
    "count": 0,
    "updated": 0
  },
  {
    "id": "e9b9d922-36d2-4e7c-8ea2-f2ff42b353b2",
    "data": [
      {
        "text": "I am here",
        "userDefined": false
      }
    ],
    "isTemplate": false,
    "count": 0,
    "updated": 0
  },
  {
    "id": "41587111-3dbf-4479-95f2-ac9bd87e60d5",
    "data": [
      {
        "text": "I\u0027m right here",
        "userDefined": false
      }
    ],
    "isTemplate": false,
    "count": 0,
    "updated": 0
  },
  {
    "id": "863595bc-4672-4275-a421-87d2f407fae8",
    "data": [
      {
        "text": "here I am",
        "userDefined": false
      }
    ],
    "isTemplate": false,
    "count": 0,
    "updated": 0
  }
]