[
  {
    "id": "a5a2a60c-29e7-420e-bede-b84375b3742f",
    "data": [
      {
        "text": "tell me some stuff about you",
        "userDefined": false
      }
    ],
    "isTemplate": false,
    "count": 0,
    "updated": 0
  },
  {
    "id": "42a230ae-e3a0-426d-bf80-dd4f5e83cc22",
    "data": [
      {
        "text": "tell me about you",
        "userDefined": false
      }
    ],
    "isTemplate": false,
    "count": 1,
    "updated": 0
  },
  {
    "id": "d89c3bee-a1d1-433f-bfdd-4f5f6af61b5c",
    "data": [
      {
        "text": "say about you",
        "userDefined": false
      }
    ],
    "isTemplate": false,
    "count": 0,
    "updated": 0
  },
  {
    "id": "5a720036-7613-4ae0-9a91-b396314490d1",
    "data": [
      {
        "text": "tell me about your personality",
        "userDefined": false
      }
    ],
    "isTemplate": false,
    "count": 0,
    "updated": 0
  },
  {
    "id": "b3694697-d8e2-4711-9eab-422c33a2c9e7",
    "data": [
      {
        "text": "talk about ",
        "userDefined": false
      },
      {
        "text": "yourself",
        "meta": "@sys.ignore",
        "userDefined": true
      }
    ],
    "isTemplate": false,
    "count": 0,
    "updated": 0
  },
  {
    "id": "16417216-bc0f-48f0-807e-5fcdfe3a6d25",
    "data": [
      {
        "text": "talk some stuff about ",
        "userDefined": false
      },
      {
        "text": "yourself",
        "meta": "@sys.ignore",
        "userDefined": true
      }
    ],
    "isTemplate": false,
    "count": 0,
    "updated": 0
  },
  {
    "id": "66b918a8-819b-466a-894e-5a0ef6cad8d5",
    "data": [
      {
        "text": "what are you",
        "userDefined": false
      }
    ],
    "isTemplate": false,
    "count": 0,
    "updated": 0
  },
  {
    "id": "71ccd1d4-5bde-4f36-99c4-cae206ccb9dc",
    "data": [
      {
        "text": "define yourself",
        "userDefined": false
      }
    ],
    "isTemplate": false,
    "count": 1,
    "updated": 0
  },
  {
    "id": "e103ec9c-f14f-44e6-b69e-3112539fd34e",
    "data": [
      {
        "text": "I want to know you better",
        "userDefined": false
      }
    ],
    "isTemplate": false,
    "count": 0,
    "updated": 0
  },
  {
    "id": "88c2c235-e91a-4c67-9625-6decc8539066",
    "data": [
      {
        "text": "tell me about yourself",
        "userDefined": false
      }
    ],
    "isTemplate": false,
    "count": 1,
    "updated": 0
  },
  {
    "id": "e77f0eb3-1c2d-4051-a0cc-5c341a303262",
    "data": [
      {
        "text": "what is your personality",
        "userDefined": false
      }
    ],
    "isTemplate": false,
    "count": 0,
    "updated": 0
  },
  {
    "id": "64947404-b97c-49a4-9bc9-03bbe8e6780a",
    "data": [
      {
        "text": "who are you",
        "userDefined": false
      }
    ],
    "isTemplate": false,
    "count": 1,
    "updated": 0
  },
  {
    "id": "a74d8df3-d3c6-4742-9454-99139b18b251",
    "data": [
      {
        "text": "about yourself",
        "userDefined": false
      }
    ],
    "isTemplate": false,
    "count": 0,
    "updated": 0
  },
  {
    "id": "697be295-da03-4608-a68a-cbb6542e8c31",
    "data": [
      {
        "text": "why ",
        "userDefined": false
      },
      {
        "text": "are",
        "meta": "@sys.ignore",
        "userDefined": true
      },
      {
        "text": " you ",
        "userDefined": false
      },
      {
        "text": "here",
        "meta": "@sys.ignore",
        "userDefined": true
      }
    ],
    "isTemplate": false,
    "count": 0,
    "updated": 0
  },
  {
    "id": "391141da-ef2f-4ef6-abcb-be3c8ab84575",
    "data": [
      {
        "text": "all",
        "meta": "@sys.ignore",
        "userDefined": true
      },
      {
        "text": " ",
        "userDefined": false
      },
      {
        "text": "about",
        "meta": "@sys.ignore",
        "userDefined": true
      },
      {
        "text": " you",
        "userDefined": false
      }
    ],
    "isTemplate": false,
    "count": 0,
    "updated": 0
  },
  {
    "id": "c4b8adaa-0c9f-493c-bf9e-ca8fec169d86",
    "data": [
      {
        "text": "introduce yourself",
        "userDefined": false
      }
    ],
    "isTemplate": false,
    "count": 0,
    "updated": 0
  },
  {
    "id": "c4c578d8-7088-40fd-9783-07d05bf6a8eb",
    "data": [
      {
        "text": "describe yourself",
        "userDefined": false
      }
    ],
    "isTemplate": false,
    "count": 0,
    "updated": 0
  },
  {
    "id": "1801097a-d145-4349-a2b5-5d509c14f2a5",
    "data": [
      {
        "text": "I want to know more about you",
        "userDefined": false
      }
    ],
    "isTemplate": false,
    "count": 0,
    "updated": 0
  }
]