[
  {
    "id": "b9ff382d-4a64-46de-a3c0-4cab8e835135",
    "data": [
      {
        "text": "where is your ",
        "userDefined": false
      },
      {
        "text": "work",
        "meta": "@sys.ignore",
        "userDefined": false
      }
    ],
    "isTemplate": false,
    "count": 0,
    "updated": 0
  },
  {
    "id": "a34207e8-1f03-4393-8f12-9d678ce82ef9",
    "data": [
      {
        "text": "do you work",
        "userDefined": false
      }
    ],
    "isTemplate": false,
    "count": 0,
    "updated": 0
  },
  {
    "id": "c9e8ea9c-8e08-41ec-8134-161e62e22bb4",
    "data": [
      {
        "text": "where you ",
        "userDefined": false
      },
      {
        "text": "work",
        "meta": "@sys.ignore",
        "userDefined": false
      }
    ],
    "isTemplate": false,
    "count": 0,
    "updated": 0
  },
  {
    "id": "01ae8d9a-91fe-4f2d-a014-7c84beae34d5",
    "data": [
      {
        "text": "where do you ",
        "userDefined": false
      },
      {
        "text": "work",
        "meta": "@sys.ignore",
        "userDefined": false
      }
    ],
    "isTemplate": false,
    "count": 0,
    "updated": 0
  },
  {
    "id": "0aa47850-6592-400a-bb6d-c0fb82fd57b2",
    "data": [
      {
        "text": "where is ",
        "userDefined": false
      },
      {
        "text": "your",
        "meta": "@sys.ignore",
        "userDefined": false
      },
      {
        "text": " ",
        "userDefined": false
      },
      {
        "text": "office",
        "meta": "@sys.ignore",
        "userDefined": false
      },
      {
        "text": " located",
        "userDefined": false
      }
    ],
    "isTemplate": false,
    "count": 0,
    "updated": 0
  },
  {
    "id": "001a06bc-63ff-443a-884f-594e69932cc7",
    "data": [
      {
        "text": "where is your ",
        "userDefined": false
      },
      {
        "text": "office",
        "meta": "@sys.ignore",
        "userDefined": false
      }
    ],
    "isTemplate": false,
    "count": 0,
    "updated": 0
  },
  {
    "id": "ef8d2791-4fbe-4460-8c7d-98e3fb256a0e",
    "data": [
      {
        "text": "where is ",
        "userDefined": false
      },
      {
        "text": "your",
        "meta": "@sys.ignore",
        "userDefined": false
      },
      {
        "text": " ",
        "userDefined": false
      },
      {
        "text": "office",
        "meta": "@sys.ignore",
        "userDefined": false
      },
      {
        "text": " location",
        "userDefined": false
      }
    ],
    "isTemplate": false,
    "count": 0,
    "updated": 0
  },
  {
    "id": "6f81cf2d-330b-450f-8707-079db4a9cd9c",
    "data": [
      {
        "text": "your",
        "meta": "@sys.ignore",
        "userDefined": false
      },
      {
        "text": " ",
        "userDefined": false
      },
      {
        "text": "office",
        "meta": "@sys.ignore",
        "userDefined": false
      },
      {
        "text": " location",
        "userDefined": false
      }
    ],
    "isTemplate": false,
    "count": 0,
    "updated": 0
  },
  {
    "id": "7a464aeb-c1f8-4649-b4c6-5742410d4e01",
    "data": [
      {
        "text": "what is your work",
        "userDefined": false
      }
    ],
    "isTemplate": false,
    "count": 0,
    "updated": 0
  }
]