[
  {
    "id": "06cf7b19-a0d1-4fa4-a502-6b226277ef32",
    "data": [
      {
        "text": "it\u0027s a joke",
        "userDefined": false
      }
    ],
    "isTemplate": false,
    "count": 0,
    "updated": 1529441326
  },
  {
    "id": "4d494303-e77d-4b6a-acf6-8d879b19f1a7",
    "data": [
      {
        "text": "I\u0027m just playing with you",
        "userDefined": false
      }
    ],
    "isTemplate": false,
    "count": 0,
    "updated": 1529441326
  },
  {
    "id": "0b331167-0a78-4c05-a0b6-bf021834fc2a",
    "data": [
      {
        "text": "kidding",
        "userDefined": false
      }
    ],
    "isTemplate": false,
    "count": 0,
    "updated": 1529441326
  },
  {
    "id": "abd3efb8-75db-43b9-a439-003a680d22af",
    "data": [
      {
        "text": "just kidding",
        "userDefined": false
      }
    ],
    "isTemplate": false,
    "count": 0,
    "updated": 1529441326
  },
  {
    "id": "892cabd8-9a43-4d53-a162-ca45d4253e6c",
    "data": [
      {
        "text": "I\u0027m kidding",
        "userDefined": false
      }
    ],
    "isTemplate": false,
    "count": 0,
    "updated": 1529441326
  },
  {
    "id": "d81917b5-c31e-414d-95ef-5c04a3dfdce0",
    "data": [
      {
        "text": "I\u0027m just being funny",
        "userDefined": false
      }
    ],
    "isTemplate": false,
    "count": 0,
    "updated": 1529441326
  },
  {
    "id": "86da72b1-51d4-4522-a9d1-c180971773e6",
    "data": [
      {
        "text": "I am joking",
        "userDefined": false
      }
    ],
    "isTemplate": false,
    "count": 0,
    "updated": 1529441326
  },
  {
    "id": "ee95cec5-d3e4-4510-8018-8f34b737ee0d",
    "data": [
      {
        "text": "joking",
        "userDefined": false
      }
    ],
    "isTemplate": false,
    "count": 0,
    "updated": 1529441326
  },
  {
    "id": "6935d9b1-a1fa-4972-a58d-35519ea97dc0",
    "data": [
      {
        "text": "I was just joking",
        "userDefined": false
      }
    ],
    "isTemplate": false,
    "count": 0,
    "updated": 1529441326
  },
  {
    "id": "c43d164d-784e-4c2c-aac8-6bf37b982473",
    "data": [
      {
        "text": "it was a joke",
        "userDefined": false
      }
    ],
    "isTemplate": false,
    "count": 0,
    "updated": 1529441326
  }
]