[
  {
    "id": "703d3b6f-2294-463c-83a3-d741299ce409",
    "data": [
      {
        "text": "who is ",
        "userDefined": false
      },
      {
        "text": "your",
        "meta": "@sys.ignore",
        "userDefined": false
      },
      {
        "text": " boss",
        "userDefined": false
      }
    ],
    "isTemplate": false,
    "count": 0,
    "updated": 1529427042
  },
  {
    "id": "4c2d6b01-fee2-4c69-9606-905faa4baf8a",
    "data": [
      {
        "text": "who",
        "meta": "@sys.ignore",
        "userDefined": true
      },
      {
        "text": " is the boss",
        "userDefined": false
      }
    ],
    "isTemplate": false,
    "count": 0,
    "updated": 1529427042
  },
  {
    "id": "464def7f-ab82-4b25-aa7a-224e55794a89",
    "data": [
      {
        "text": "who do you ",
        "userDefined": false
      },
      {
        "text": "work",
        "meta": "@sys.ignore",
        "userDefined": false
      },
      {
        "text": " for",
        "userDefined": false
      }
    ],
    "isTemplate": false,
    "count": 0,
    "updated": 1529427042
  },
  {
    "id": "71cfb865-55c1-4475-a828-2e2139b8f40e",
    "data": [
      {
        "text": "who do you think is ",
        "userDefined": false
      },
      {
        "text": "your",
        "meta": "@sys.ignore",
        "userDefined": false
      },
      {
        "text": " boss",
        "userDefined": false
      }
    ],
    "isTemplate": false,
    "count": 0,
    "updated": 1529427042
  },
  {
    "id": "11cd4124-ad8f-41d7-91f4-21f4e82bb961",
    "data": [
      {
        "text": "I should be ",
        "userDefined": false
      },
      {
        "text": "your",
        "meta": "@sys.ignore",
        "userDefined": false
      },
      {
        "text": " boss",
        "userDefined": false
      }
    ],
    "isTemplate": false,
    "count": 0,
    "updated": 1529427042
  },
  {
    "id": "6e30c1ae-936b-49c8-83a0-9b0df58489bb",
    "data": [
      {
        "text": "who is ",
        "userDefined": false
      },
      {
        "text": "your",
        "meta": "@sys.ignore",
        "userDefined": false
      },
      {
        "text": " master",
        "userDefined": false
      }
    ],
    "isTemplate": false,
    "count": 0,
    "updated": 1529427042
  },
  {
    "id": "d761c15b-1e42-4b99-b06a-7061fba31d8b",
    "data": [
      {
        "text": "who is ",
        "userDefined": false
      },
      {
        "text": "your",
        "meta": "@sys.ignore",
        "userDefined": false
      },
      {
        "text": " owner",
        "userDefined": false
      }
    ],
    "isTemplate": false,
    "count": 0,
    "updated": 1529427042
  }
]