[
  {
    "id": "f83e42cd-9fe1-41c6-b049-c0b3d3b8354c",
    "data": [
      {
        "text": "you ",
        "userDefined": false
      },
      {
        "text": "are",
        "meta": "@sys.ignore",
        "userDefined": false
      },
      {
        "text": " very ",
        "userDefined": false
      },
      {
        "text": "boring",
        "meta": "@sys.ignore",
        "userDefined": false
      }
    ],
    "isTemplate": false,
    "count": 0,
    "updated": 0
  },
  {
    "id": "701cdda1-d1ba-469c-8030-99078288f16d",
    "data": [
      {
        "text": "you ",
        "userDefined": false
      },
      {
        "text": "are",
        "meta": "@sys.ignore",
        "userDefined": false
      },
      {
        "text": " ",
        "userDefined": false
      },
      {
        "text": "boring",
        "meta": "@sys.ignore",
        "userDefined": false
      },
      {
        "text": " me",
        "userDefined": false
      }
    ],
    "isTemplate": false,
    "count": 0,
    "updated": 0
  },
  {
    "id": "1b39f09a-5360-4f76-9454-9eb36ff89cac",
    "data": [
      {
        "text": "how ",
        "userDefined": false
      },
      {
        "text": "boring",
        "meta": "@sys.ignore",
        "userDefined": false
      },
      {
        "text": " you ",
        "userDefined": false
      },
      {
        "text": "are",
        "meta": "@sys.ignore",
        "userDefined": false
      }
    ],
    "isTemplate": false,
    "count": 0,
    "updated": 0
  },
  {
    "id": "589f3867-bc54-4d92-9a9a-06aba0041216",
    "data": [
      {
        "text": "you\u0027re so ",
        "userDefined": false
      },
      {
        "text": "boring",
        "meta": "@sys.ignore",
        "userDefined": false
      }
    ],
    "isTemplate": false,
    "count": 0,
    "updated": 0
  },
  {
    "id": "96a833cc-1cb1-4679-b0e9-0811a2fffc0c",
    "data": [
      {
        "text": "you ",
        "userDefined": false
      },
      {
        "text": "are",
        "meta": "@sys.ignore",
        "userDefined": false
      },
      {
        "text": " ",
        "userDefined": false
      },
      {
        "text": "boring",
        "meta": "@sys.ignore",
        "userDefined": false
      }
    ],
    "isTemplate": false,
    "count": 0,
    "updated": 0
  },
  {
    "id": "891eae1f-5701-4644-b7ce-5ff48e1d1348",
    "data": [
      {
        "text": "you\u0027re really ",
        "userDefined": false
      },
      {
        "text": "boring",
        "meta": "@sys.ignore",
        "userDefined": false
      }
    ],
    "isTemplate": false,
    "count": 0,
    "updated": 0
  },
  {
    "id": "821c5088-508a-4dbc-ae0c-0fb4e0c880b4",
    "data": [
      {
        "text": "you\u0027re incredibly ",
        "userDefined": false
      },
      {
        "text": "boring",
        "meta": "@sys.ignore",
        "userDefined": false
      }
    ],
    "isTemplate": false,
    "count": 0,
    "updated": 0
  }
]