[
  {
    "id": "2f2d16b8-76c0-4b31-a545-e0960a6350f4",
    "data": [
      {
        "text": "are",
        "meta": "@sys.ignore",
        "userDefined": false
      },
      {
        "text": " you busy",
        "userDefined": false
      }
    ],
    "isTemplate": false,
    "count": 0,
    "updated": 1529516922
  },
  {
    "id": "8ce9a683-3e34-47ae-970e-eb793a3453fc",
    "data": [
      {
        "text": "are",
        "meta": "@sys.ignore",
        "userDefined": false
      },
      {
        "text": " you working ",
        "userDefined": false
      },
      {
        "text": "today",
        "meta": "@sys.ignore",
        "userDefined": false
      }
    ],
    "isTemplate": false,
    "count": 0,
    "updated": 1529516922
  },
  {
    "id": "1e520a90-4c3c-4392-85fa-ab6ec0f4f4d5",
    "data": [
      {
        "text": "you\u0027re very busy",
        "userDefined": false
      }
    ],
    "isTemplate": false,
    "count": 0,
    "updated": 1529516922
  },
  {
    "id": "5af96584-20c6-4348-a98f-ce18951de878",
    "data": [
      {
        "text": "have you ",
        "userDefined": false
      },
      {
        "text": "got",
        "meta": "@sys.ignore",
        "userDefined": false
      },
      {
        "text": " much to do",
        "userDefined": false
      }
    ],
    "isTemplate": false,
    "count": 0,
    "updated": 1529516922
  },
  {
    "id": "230d4267-d4ae-49ee-ac6a-62fdaf0a2141",
    "data": [
      {
        "text": "are",
        "meta": "@sys.ignore",
        "userDefined": false
      },
      {
        "text": " you very busy ",
        "userDefined": false
      },
      {
        "text": "right now",
        "meta": "@sys.ignore",
        "userDefined": false
      }
    ],
    "isTemplate": false,
    "count": 0,
    "updated": 1529516922
  },
  {
    "id": "b831d4dc-4eb8-4c0a-aa0c-8ce2a2ef52a7",
    "data": [
      {
        "text": "are",
        "meta": "@sys.ignore",
        "userDefined": false
      },
      {
        "text": " you working",
        "userDefined": false
      }
    ],
    "isTemplate": false,
    "count": 0,
    "updated": 1529516922
  },
  {
    "id": "c8599a79-de91-4c84-a781-16e918ed596b",
    "data": [
      {
        "text": "have you been busy",
        "userDefined": false
      }
    ],
    "isTemplate": false,
    "count": 0,
    "updated": 1529516922
  },
  {
    "id": "10200c14-bbe9-4e06-9ce6-f68033e93c11",
    "data": [
      {
        "text": "you seem to be very busy",
        "userDefined": false
      }
    ],
    "isTemplate": false,
    "count": 0,
    "updated": 1529516922
  },
  {
    "id": "69ccdb5d-0926-4fb0-928f-2b8acec2202f",
    "data": [
      {
        "text": "do you have a lot ",
        "userDefined": false
      },
      {
        "text": "of",
        "meta": "@sys.ignore",
        "userDefined": false
      },
      {
        "text": " things to do",
        "userDefined": false
      }
    ],
    "isTemplate": false,
    "count": 0,
    "updated": 1529516922
  },
  {
    "id": "adb9dc3d-932a-4a82-8618-0b3e9ad51cd0",
    "data": [
      {
        "text": "you ",
        "userDefined": false
      },
      {
        "text": "are",
        "meta": "@sys.ignore",
        "userDefined": false
      },
      {
        "text": " busy",
        "userDefined": false
      }
    ],
    "isTemplate": false,
    "count": 0,
    "updated": 1529516922
  },
  {
    "id": "b10bddbb-baa5-4e8a-87b4-10840785db0f",
    "data": [
      {
        "text": "are you working now",
        "userDefined": false
      }
    ],
    "isTemplate": false,
    "count": 0,
    "updated": 1529516922
  },
  {
    "id": "5ad8d42a-a17f-4a26-ae3c-0bc4c4fe653e",
    "data": [
      {
        "text": "how busy you are",
        "userDefined": false
      }
    ],
    "isTemplate": false,
    "count": 0,
    "updated": 1529516922
  },
  {
    "id": "d14bc8ba-a1ec-4fdf-bc2f-cd623ce2c584",
    "data": [
      {
        "text": "you seem to be busy",
        "userDefined": false
      }
    ],
    "isTemplate": false,
    "count": 0,
    "updated": 1529516922
  },
  {
    "id": "767411d5-9ae5-4a08-adae-8395cd93c112",
    "data": [
      {
        "text": "are",
        "meta": "@sys.ignore",
        "userDefined": false
      },
      {
        "text": " you so busy",
        "userDefined": false
      }
    ],
    "isTemplate": false,
    "count": 0,
    "updated": 1529516922
  },
  {
    "id": "ec761de1-05da-46fe-b82a-73d39ff298eb",
    "data": [
      {
        "text": "are you still working",
        "userDefined": false
      }
    ],
    "isTemplate": false,
    "count": 0,
    "updated": 1529516922
  },
  {
    "id": "845ca322-900b-43d9-83de-1b2da0d89602",
    "data": [
      {
        "text": "you\u0027re a busy person",
        "userDefined": false
      }
    ],
    "isTemplate": false,
    "count": 0,
    "updated": 1529516922
  },
  {
    "id": "5e1f47c6-3587-418f-82f3-d976048c2cbf",
    "data": [
      {
        "text": "are",
        "meta": "@sys.ignore",
        "userDefined": false
      },
      {
        "text": " you still working ",
        "userDefined": false
      },
      {
        "text": "on",
        "meta": "@sys.ignore",
        "userDefined": false
      },
      {
        "text": " ",
        "userDefined": false
      },
      {
        "text": "it",
        "meta": "@sys.ignore",
        "userDefined": false
      }
    ],
    "isTemplate": false,
    "count": 0,
    "updated": 1529516922
  },
  {
    "id": "b05ff0a7-9373-43e5-a00a-d7870ceda391",
    "data": [
      {
        "text": "are",
        "meta": "@sys.ignore",
        "userDefined": false
      },
      {
        "text": " you very busy",
        "userDefined": false
      }
    ],
    "isTemplate": false,
    "count": 0,
    "updated": 1529516922
  }
]