[
  {
    "id": "59e1fcf7-de96-4d42-8056-f2705c32b8b5",
    "data": [
      {
        "text": "let\u0027s get married",
        "userDefined": false
      }
    ],
    "isTemplate": false,
    "count": 0,
    "updated": 0
  },
  {
    "id": "0267b10f-4031-4ea0-b293-8c8168d2ef61",
    "data": [
      {
        "text": "we should marry",
        "userDefined": false
      }
    ],
    "isTemplate": false,
    "count": 0,
    "updated": 0
  },
  {
    "id": "67e6043b-b2d6-49fe-b678-355102c4f228",
    "data": [
      {
        "text": "I",
        "meta": "@sys.ignore",
        "userDefined": true
      },
      {
        "text": " ",
        "userDefined": false
      },
      {
        "text": "love",
        "meta": "@sys.ignore",
        "userDefined": true
      },
      {
        "text": " you marry ",
        "userDefined": false
      },
      {
        "text": "me",
        "meta": "@sys.ignore",
        "userDefined": true
      }
    ],
    "isTemplate": false,
    "count": 0,
    "updated": 0
  },
  {
    "id": "b0c3d438-fb68-4191-a0a8-e15d6dd245cf",
    "data": [
      {
        "text": "you ",
        "userDefined": false
      },
      {
        "text": "are",
        "meta": "@sys.ignore",
        "userDefined": true
      },
      {
        "text": " my ",
        "userDefined": false
      },
      {
        "text": "wife",
        "meta": "@sys.ignore",
        "userDefined": true
      }
    ],
    "isTemplate": false,
    "count": 0,
    "updated": 0
  },
  {
    "id": "b77aa0eb-2812-4609-81d5-d4e6c7b3be3a",
    "data": [
      {
        "text": "be my husband",
        "userDefined": false
      }
    ],
    "isTemplate": false,
    "count": 1,
    "updated": 0
  },
  {
    "id": "41858584-bdb4-4cc3-a62f-91b2af2d1f6b",
    "data": [
      {
        "text": "would you like to marry ",
        "userDefined": false
      },
      {
        "text": "me",
        "meta": "@sys.ignore",
        "userDefined": false
      }
    ],
    "isTemplate": false,
    "count": 0,
    "updated": 0
  },
  {
    "id": "69a233e5-0345-4f52-900c-aa6e47f714cf",
    "data": [
      {
        "text": "marry ",
        "userDefined": false
      },
      {
        "text": "me",
        "meta": "@sys.ignore",
        "userDefined": true
      },
      {
        "text": " please",
        "userDefined": false
      }
    ],
    "isTemplate": false,
    "count": 0,
    "updated": 0
  },
  {
    "id": "ed8e89d7-90ec-4000-9bd3-c6de4590e853",
    "data": [
      {
        "text": "marry me",
        "userDefined": false
      }
    ],
    "isTemplate": false,
    "count": 0,
    "updated": 0
  },
  {
    "id": "b8a596f7-c7fd-443d-b1d1-9b2d5197b30c",
    "data": [
      {
        "text": "I want ",
        "userDefined": false
      },
      {
        "text": "to",
        "meta": "@sys.ignore",
        "userDefined": true
      },
      {
        "text": " ",
        "userDefined": false
      },
      {
        "text": "marry you",
        "meta": "@sys.ignore",
        "userDefined": true
      }
    ],
    "isTemplate": false,
    "count": 0,
    "updated": 0
  }
]