[
  {
    "id": "ee83cfaa-a631-4045-b45f-96e3c00f3303",
    "data": [
      {
        "text": "when were you born",
        "userDefined": false
      }
    ],
    "isTemplate": false,
    "count": 0,
    "updated": 0
  },
  {
    "id": "0f067ca7-8180-4a4c-b39a-158f80eda41d",
    "data": [
      {
        "text": "when do you have ",
        "userDefined": false
      },
      {
        "text": "birthday",
        "meta": "@sys.ignore",
        "userDefined": false
      }
    ],
    "isTemplate": false,
    "count": 0,
    "updated": 0
  },
  {
    "id": "ebc5b196-07f0-493d-ae55-1b5d0a14e71c",
    "data": [
      {
        "text": "when is your ",
        "userDefined": false
      },
      {
        "text": "birthday",
        "meta": "@sys.ignore",
        "userDefined": false
      }
    ],
    "isTemplate": false,
    "count": 0,
    "updated": 0
  },
  {
    "id": "224fcf1f-ee84-4f50-9a02-895d1151b83f",
    "data": [
      {
        "text": "your",
        "meta": "@sys.ignore",
        "userDefined": false
      },
      {
        "text": " birth date",
        "userDefined": false
      }
    ],
    "isTemplate": false,
    "count": 0,
    "updated": 0
  },
  {
    "id": "9bd1998c-feb1-415b-bca2-5fb666823ea0",
    "data": [
      {
        "text": "when do you celebrate your ",
        "userDefined": false
      },
      {
        "text": "birthday",
        "meta": "@sys.ignore",
        "userDefined": false
      }
    ],
    "isTemplate": false,
    "count": 0,
    "updated": 0
  },
  {
    "id": "45ead628-60a9-40ab-837b-4b64884830e0",
    "data": [
      {
        "text": "date of your ",
        "userDefined": false
      },
      {
        "text": "birthday",
        "meta": "@sys.ignore",
        "userDefined": false
      }
    ],
    "isTemplate": false,
    "count": 0,
    "updated": 0
  },
  {
    "id": "7c2384e0-9737-4de0-b25f-112ac879636c",
    "data": [
      {
        "text": "what\u0027s your ",
        "userDefined": false
      },
      {
        "text": "birthday",
        "meta": "@sys.ignore",
        "userDefined": false
      }
    ],
    "isTemplate": false,
    "count": 0,
    "updated": 0
  }
]