[
  {
    "id": "07cf8dad-bb62-4c3d-b312-39cde908bf68",
    "data": [
      {
        "text": "where\u0027s your house",
        "userDefined": false
      }
    ],
    "isTemplate": false,
    "count": 0,
    "updated": 0
  },
  {
    "id": "ca8cb47f-c575-436b-bca5-e25697e4cb5e",
    "data": [
      {
        "text": "in which city do you live",
        "userDefined": false
      }
    ],
    "isTemplate": false,
    "count": 0,
    "updated": 0
  },
  {
    "id": "c6eca583-8c37-4388-b2b8-efe943c6fa3a",
    "data": [
      {
        "text": "where you live",
        "userDefined": false
      }
    ],
    "isTemplate": false,
    "count": 0,
    "updated": 0
  },
  {
    "id": "12c31901-029b-4004-a292-3d2b437df56d",
    "data": [
      {
        "text": "what\u0027s your home",
        "userDefined": false
      }
    ],
    "isTemplate": false,
    "count": 0,
    "updated": 0
  },
  {
    "id": "4e3198ae-8c35-4172-9030-9c10c519cd21",
    "data": [
      {
        "text": "tell me about your city",
        "userDefined": false
      }
    ],
    "isTemplate": false,
    "count": 0,
    "updated": 0
  },
  {
    "id": "974f2324-ff49-4250-94fa-4c595ef32f55",
    "data": [
      {
        "text": "where do you live",
        "userDefined": false
      }
    ],
    "isTemplate": false,
    "count": 0,
    "updated": 0
  },
  {
    "id": "2244443b-8f52-4136-b2f4-16fa40f67d31",
    "data": [
      {
        "text": "where\u0027s your hometown",
        "userDefined": false
      }
    ],
    "isTemplate": false,
    "count": 0,
    "updated": 0
  },
  {
    "id": "4c980df4-f8cb-4986-91e2-cb4a86ca6ac1",
    "data": [
      {
        "text": "your town",
        "userDefined": false
      }
    ],
    "isTemplate": false,
    "count": 0,
    "updated": 0
  },
  {
    "id": "e7b12211-6c0a-4d9d-926e-554aa30eab7f",
    "data": [
      {
        "text": "where\u0027s your home",
        "userDefined": false
      }
    ],
    "isTemplate": false,
    "count": 0,
    "updated": 0
  },
  {
    "id": "1384e77f-43fc-4dd6-a90f-b503c7551da2",
    "data": [
      {
        "text": "where is your home",
        "userDefined": false
      }
    ],
    "isTemplate": false,
    "count": 0,
    "updated": 0
  },
  {
    "id": "726ade5a-628e-4e62-a662-5184eb079294",
    "data": [
      {
        "text": "your",
        "meta": "@sys.ignore",
        "userDefined": false
      },
      {
        "text": " residence",
        "userDefined": false
      }
    ],
    "isTemplate": false,
    "count": 0,
    "updated": 0
  },
  {
    "id": "d62c6d9f-daba-41e3-9b3f-f5408caa1908",
    "data": [
      {
        "text": "where is your ",
        "userDefined": false
      },
      {
        "text": "hometown",
        "meta": "@sys.ignore",
        "userDefined": false
      }
    ],
    "isTemplate": false,
    "count": 0,
    "updated": 0
  },
  {
    "id": "b61e9792-eb9f-4433-975e-675ca47ab473",
    "data": [
      {
        "text": "your ",
        "userDefined": false
      },
      {
        "text": "hometown",
        "meta": "@sys.ignore",
        "userDefined": false
      }
    ],
    "isTemplate": false,
    "count": 0,
    "updated": 0
  },
  {
    "id": "18ce027e-6fed-4748-b473-0e75088c5fc6",
    "data": [
      {
        "text": "what\u0027s your city",
        "userDefined": false
      }
    ],
    "isTemplate": false,
    "count": 0,
    "updated": 0
  },
  {
    "id": "64485d55-c11f-464f-b59f-510c24c4809c",
    "data": [
      {
        "text": "what is your town",
        "userDefined": false
      }
    ],
    "isTemplate": false,
    "count": 0,
    "updated": 0
  },
  {
    "id": "9e136f5f-f410-4964-b593-f59d47994e98",
    "data": [
      {
        "text": "your city",
        "userDefined": false
      }
    ],
    "isTemplate": false,
    "count": 0,
    "updated": 0
  },
  {
    "id": "ef35082e-16bb-494e-966f-5c73ff4e7fe1",
    "data": [
      {
        "text": "where is your residence",
        "userDefined": false
      }
    ],
    "isTemplate": false,
    "count": 0,
    "updated": 0
  },
  {
    "id": "a9482758-49f4-48f4-b06f-8f7fe0a26caa",
    "data": [
      {
        "text": "what is your ",
        "userDefined": false
      },
      {
        "text": "hometown",
        "meta": "@sys.ignore",
        "userDefined": false
      }
    ],
    "isTemplate": false,
    "count": 0,
    "updated": 0
  },
  {
    "id": "20e8d888-ebcc-4645-9f48-4bc18cc2a948",
    "data": [
      {
        "text": "your ",
        "userDefined": false
      },
      {
        "text": "home",
        "meta": "@sys.ignore",
        "userDefined": false
      }
    ],
    "isTemplate": false,
    "count": 0,
    "updated": 0
  },
  {
    "id": "583870a8-cb84-49a9-848c-2e990682deda",
    "data": [
      {
        "text": "what is your residence",
        "userDefined": false
      }
    ],
    "isTemplate": false,
    "count": 0,
    "updated": 0
  },
  {
    "id": "95bf59e3-3ed7-4852-a08a-5c482238aa38",
    "data": [
      {
        "text": "is ",
        "userDefined": false
      },
      {
        "text": "it",
        "meta": "@sys.ignore",
        "userDefined": false
      },
      {
        "text": " your ",
        "userDefined": false
      },
      {
        "text": "hometown",
        "meta": "@sys.ignore",
        "userDefined": false
      }
    ],
    "isTemplate": false,
    "count": 0,
    "updated": 0
  },
  {
    "id": "a3c5acd7-b229-4da3-a851-2807cd23619a",
    "data": [
      {
        "text": "your ",
        "userDefined": false
      },
      {
        "text": "house",
        "meta": "@sys.ignore",
        "userDefined": false
      }
    ],
    "isTemplate": false,
    "count": 0,
    "updated": 0
  },
  {
    "id": "30f856e4-86e8-4a3f-9799-2e70a6ee5326",
    "data": [
      {
        "text": "what is your city",
        "userDefined": false
      }
    ],
    "isTemplate": false,
    "count": 0,
    "updated": 0
  }
]