[
  {
    "id": "f84b14ee-6960-430e-9854-b68161ad541a",
    "data": [
      {
        "text": "I\u0027m not happy",
        "userDefined": false
      }
    ],
    "isTemplate": false,
    "count": 0,
    "updated": 1529441206
  },
  {
    "id": "1f112777-596d-4e90-9e49-dff114c07a8d",
    "data": [
      {
        "text": "I\u0027m having a bad day",
        "userDefined": false
      }
    ],
    "isTemplate": false,
    "count": 0,
    "updated": 1529441206
  },
  {
    "id": "7fe93b6b-ec19-439e-af33-1ee2df6114c0",
    "data": [
      {
        "text": "I am feeling sad",
        "userDefined": false
      }
    ],
    "isTemplate": false,
    "count": 0,
    "updated": 1529441206
  },
  {
    "id": "50fabc0e-fc52-4b9b-8aca-2e4a771060be",
    "data": [
      {
        "text": "I am upset",
        "userDefined": false
      }
    ],
    "isTemplate": false,
    "count": 0,
    "updated": 1529441206
  },
  {
    "id": "0412e3f3-cecf-42e8-9ee5-deba31acbe71",
    "data": [
      {
        "text": "I",
        "meta": "@sys.ignore",
        "userDefined": false
      },
      {
        "text": " want ",
        "userDefined": false
      },
      {
        "text": "to",
        "meta": "@sys.ignore",
        "userDefined": false
      },
      {
        "text": " cry",
        "userDefined": false
      }
    ],
    "isTemplate": false,
    "count": 0,
    "updated": 1529441206
  },
  {
    "id": "5227073c-f589-4242-bf39-08e859e9fd29",
    "data": [
      {
        "text": "I am depressed",
        "userDefined": false
      }
    ],
    "isTemplate": false,
    "count": 0,
    "updated": 1529441206
  },
  {
    "id": "092b5d57-2589-4678-93e3-cb8b4b19ca3a",
    "data": [
      {
        "text": "I\u0027m unhappy",
        "userDefined": false
      }
    ],
    "isTemplate": false,
    "count": 0,
    "updated": 1529441206
  },
  {
    "id": "8986aed1-2315-4225-9cc9-5daa60c78940",
    "data": [
      {
        "text": "I\u0027m grieving",
        "userDefined": false
      }
    ],
    "isTemplate": false,
    "count": 0,
    "updated": 1529441206
  },
  {
    "id": "f1920de8-edc0-4493-b872-04c0e9f47b96",
    "data": [
      {
        "text": "I am sad",
        "userDefined": false
      }
    ],
    "isTemplate": false,
    "count": 0,
    "updated": 1529441206
  }
]