[
  {
    "id": "36bc0e5c-854c-49ec-af5d-8a6b46f5d6d8",
    "data": [
      {
        "text": "오늘 어때",
        "userDefined": false
      }
    ],
    "isTemplate": false,
    "count": 0,
    "updated": 0
  },
  {
    "id": "c4001d88-2978-467b-89e8-793ddae66f39",
    "data": [
      {
        "text": "반가워",
        "userDefined": false
      }
    ],
    "isTemplate": false,
    "count": 0,
    "updated": 0
  },
  {
    "id": "8715f49c-90ed-4edf-a73f-23025fe8ab41",
    "data": [
      {
        "text": "오랜만",
        "userDefined": false
      }
    ],
    "isTemplate": false,
    "count": 0,
    "updated": 0
  },
  {
    "id": "d8013b80-f3e8-4d85-8b35-32d0c6491fe9",
    "data": [
      {
        "text": "저기",
        "userDefined": false
      }
    ],
    "isTemplate": false,
    "count": 0,
    "updated": 0
  },
  {
    "id": "8a5404b1-9976-4d4f-baee-00e96be49edf",
    "data": [
      {
        "text": "어떻게 지냈어",
        "userDefined": false
      }
    ],
    "isTemplate": false,
    "count": 0,
    "updated": 0
  },
  {
    "id": "6786cdd5-8974-4eed-8480-3a93263be2e2",
    "data": [
      {
        "text": "안녕",
        "userDefined": false
      }
    ],
    "isTemplate": false,
    "count": 0,
    "updated": 0
  },
  {
    "id": "766a6a6b-77b5-47e2-bd75-b819bb7485e4",
    "data": [
      {
        "text": "잘 있었어",
        "userDefined": false
      }
    ],
    "isTemplate": false,
    "count": 0,
    "updated": 0
  },
  {
    "id": "1929e3cc-af67-4820-96ad-be835e85e31e",
    "data": [
      {
        "text": "잘 지냈니",
        "userDefined": false
      }
    ],
    "isTemplate": false,
    "count": 0,
    "updated": 0
  },
  {
    "id": "d40ec3fd-b092-45dd-aef9-33b894ef1f9d",
    "data": [
      {
        "text": "오랜만이야",
        "userDefined": false
      }
    ],
    "isTemplate": false,
    "count": 0,
    "updated": 0
  }
]